trip_id,route_id,mode,stop_id,stop_sequence,arrival_time,departure_time
TJ_1_000,TJ_1,Transjakarta,TJ_BLOK_M,1,2026-05-23 06:00:00,2026-05-23 06:01:00
TJ_1_000,TJ_1,Transjakarta,TJ_SENAYAN,2,2026-05-23 06:07:00,2026-05-23 06:08:00
TJ_1_000,TJ_1,Transjakarta,TJ_DUKUH_ATAS,3,2026-05-23 06:14:00,2026-05-23 06:15:00
TJ_1_001,TJ_1,Transjakarta,TJ_BLOK_M,1,2026-05-23 06:12:00,2026-05-23 06:13:00
TJ_1_001,TJ_1,Transjakarta,TJ_SENAYAN,2,2026-05-23 06:19:00,2026-05-23 06:20:00
TJ_1_001,TJ_1,Transjakarta,TJ_DUKUH_ATAS,3,2026-05-23 06:26:00,2026-05-23 06:27:00
TJ_1_002,TJ_1,Transjakarta,TJ_BLOK_M,1,2026-05-23 06:24:00,2026-05-23 06:25:00
TJ_1_002,TJ_1,Transjakarta,TJ_SENAYAN,2,2026-05-23 06:31:00,2026-05-23 06:32:00
TJ_1_002,TJ_1,Transjakarta,TJ_DUKUH_ATAS,3,2026-05-23 06:38:00,2026-05-23 06:39:00
TJ_1_003,TJ_1,Transjakarta,TJ_BLOK_M,1,2026-05-23 06:36:00,2026-05-23 06:37:00
TJ_1_003,TJ_1,Transjakarta,TJ_SENAYAN,2,2026-05-23 06:43:00,2026-05-23 06:44:00
TJ_1_003,TJ_1,Transjakarta,TJ_DUKUH_ATAS,3,2026-05-23 06:50:00,2026-05-23 06:51:00
TJ_1_004,TJ_1,Transjakarta,TJ_BLOK_M,1,2026-05-23 06:24:00,2026-05-23 06:25:00
TJ_1_004,TJ_1,Transjakarta,TJ_SENAYAN,2,2026-05-23 06:31:00,2026-05-23 06:32:00
TJ_1_004,TJ_1,Transjakarta,TJ_DUKUH_ATAS,3,2026-05-23 06:38:00,2026-05-23 06:39:00
TJ_1_005,TJ_1,Transjakarta,TJ_BLOK_M,1,2026-05-23 06:30:00,2026-05-23 06:31:00
TJ_1_005,TJ_1,Transjakarta,TJ_SENAYAN,2,2026-05-23 06:37:00,2026-05-23 06:38:00
TJ_1_005,TJ_1,Transjakarta,TJ_DUKUH_ATAS,3,2026-05-23 06:44:00,2026-05-23 06:45:00
TJ_1_006,TJ_1,Transjakarta,TJ_BLOK_M,1,2026-05-23 06:36:00,2026-05-23 06:37:00
TJ_1_006,TJ_1,Transjakarta,TJ_SENAYAN,2,2026-05-23 06:43:00,2026-05-23 06:44:00
TJ_1_006,TJ_1,Transjakarta,TJ_DUKUH_ATAS,3,2026-05-23 06:50:00,2026-05-23 06:51:00
TJ_1_007,TJ_1,Transjakarta,TJ_BLOK_M,1,2026-05-23 06:42:00,2026-05-23 06:43:00
TJ_1_007,TJ_1,Transjakarta,TJ_SENAYAN,2,2026-05-23 06:49:00,2026-05-23 06:50:00
TJ_1_007,TJ_1,Transjakarta,TJ_DUKUH_ATAS,3,2026-05-23 06:56:00,2026-05-23 06:57:00
TJ_1_008,TJ_1,Transjakarta,TJ_BLOK_M,1,2026-05-23 06:48:00,2026-05-23 06:49:00
TJ_1_008,TJ_1,Transjakarta,TJ_SENAYAN,2,2026-05-23 06:55:00,2026-05-23 06:56:00
TJ_1_008,TJ_1,Transjakarta,TJ_DUKUH_ATAS,3,2026-05-23 07:02:00,2026-05-23 07:03:00
TJ_1_009,TJ_1,Transjakarta,TJ_BLOK_M,1,2026-05-23 06:54:00,2026-05-23 06:55:00
TJ_1_009,TJ_1,Transjakarta,TJ_SENAYAN,2,2026-05-23 07:01:00,2026-05-23 07:02:00
TJ_1_009,TJ_1,Transjakarta,TJ_DUKUH_ATAS,3,2026-05-23 07:08:00,2026-05-23 07:09:00
TJ_1_010,TJ_1,Transjakarta,TJ_BLOK_M,1,2026-05-23 07:00:00,2026-05-23 07:01:00
TJ_1_010,TJ_1,Transjakarta,TJ_SENAYAN,2,2026-05-23 07:07:00,2026-05-23 07:08:00
TJ_1_010,TJ_1,Transjakarta,TJ_DUKUH_ATAS,3,2026-05-23 07:14:00,2026-05-23 07:15:00
TJ_1_011,TJ_1,Transjakarta,TJ_BLOK_M,1,2026-05-23 07:06:00,2026-05-23 07:07:00
TJ_1_011,TJ_1,Transjakarta,TJ_SENAYAN,2,2026-05-23 07:13:00,2026-05-23 07:14:00
TJ_1_011,TJ_1,Transjakarta,TJ_DUKUH_ATAS,3,2026-05-23 07:20:00,2026-05-23 07:21:00
TJ_1_012,TJ_1,Transjakarta,TJ_BLOK_M,1,2026-05-23 07:12:00,2026-05-23 07:13:00
TJ_1_012,TJ_1,Transjakarta,TJ_SENAYAN,2,2026-05-23 07:19:00,2026-05-23 07:20:00
TJ_1_012,TJ_1,Transjakarta,TJ_DUKUH_ATAS,3,2026-05-23 07:26:00,2026-05-23 07:27:00
TJ_1_013,TJ_1,Transjakarta,TJ_BLOK_M,1,2026-05-23 07:18:00,2026-05-23 07:19:00
TJ_1_013,TJ_1,Transjakarta,TJ_SENAYAN,2,2026-05-23 07:25:00,2026-05-23 07:26:00
TJ_1_013,TJ_1,Transjakarta,TJ_DUKUH_ATAS,3,2026-05-23 07:32:00,2026-05-23 07:33:00
TJ_1_014,TJ_1,Transjakarta,TJ_BLOK_M,1,2026-05-23 07:24:00,2026-05-23 07:25:00
TJ_1_014,TJ_1,Transjakarta,TJ_SENAYAN,2,2026-05-23 07:31:00,2026-05-23 07:32:00
TJ_1_014,TJ_1,Transjakarta,TJ_DUKUH_ATAS,3,2026-05-23 07:38:00,2026-05-23 07:39:00
TJ_1_015,TJ_1,Transjakarta,TJ_BLOK_M,1,2026-05-23 07:30:00,2026-05-23 07:31:00
TJ_1_015,TJ_1,Transjakarta,TJ_SENAYAN,2,2026-05-23 07:37:00,2026-05-23 07:38:00
TJ_1_015,TJ_1,Transjakarta,TJ_DUKUH_ATAS,3,2026-05-23 07:44:00,2026-05-23 07:45:00
TJ_1_016,TJ_1,Transjakarta,TJ_BLOK_M,1,2026-05-23 09:12:00,2026-05-23 09:13:00
TJ_1_016,TJ_1,Transjakarta,TJ_SENAYAN,2,2026-05-23 09:19:00,2026-05-23 09:20:00
TJ_1_016,TJ_1,Transjakarta,TJ_DUKUH_ATAS,3,2026-05-23 09:26:00,2026-05-23 09:27:00
TJ_1_017,TJ_1,Transjakarta,TJ_BLOK_M,1,2026-05-23 09:24:00,2026-05-23 09:25:00
TJ_1_017,TJ_1,Transjakarta,TJ_SENAYAN,2,2026-05-23 09:31:00,2026-05-23 09:32:00
TJ_1_017,TJ_1,Transjakarta,TJ_DUKUH_ATAS,3,2026-05-23 09:38:00,2026-05-23 09:39:00
TJ_1_018,TJ_1,Transjakarta,TJ_BLOK_M,1,2026-05-23 09:36:00,2026-05-23 09:37:00
TJ_1_018,TJ_1,Transjakarta,TJ_SENAYAN,2,2026-05-23 09:43:00,2026-05-23 09:44:00
TJ_1_018,TJ_1,Transjakarta,TJ_DUKUH_ATAS,3,2026-05-23 09:50:00,2026-05-23 09:51:00
TJ_1_019,TJ_1,Transjakarta,TJ_BLOK_M,1,2026-05-23 09:48:00,2026-05-23 09:49:00
TJ_1_019,TJ_1,Transjakarta,TJ_SENAYAN,2,2026-05-23 09:55:00,2026-05-23 09:56:00
TJ_1_019,TJ_1,Transjakarta,TJ_DUKUH_ATAS,3,2026-05-23 10:02:00,2026-05-23 10:03:00
TJ_1_020,TJ_1,Transjakarta,TJ_BLOK_M,1,2026-05-23 10:00:00,2026-05-23 10:01:00
TJ_1_020,TJ_1,Transjakarta,TJ_SENAYAN,2,2026-05-23 10:07:00,2026-05-23 10:08:00
TJ_1_020,TJ_1,Transjakarta,TJ_DUKUH_ATAS,3,2026-05-23 10:14:00,2026-05-23 10:15:00
TJ_1_021,TJ_1,Transjakarta,TJ_BLOK_M,1,2026-05-23 10:12:00,2026-05-23 10:13:00
TJ_1_021,TJ_1,Transjakarta,TJ_SENAYAN,2,2026-05-23 10:19:00,2026-05-23 10:20:00
TJ_1_021,TJ_1,Transjakarta,TJ_DUKUH_ATAS,3,2026-05-23 10:26:00,2026-05-23 10:27:00
TJ_1_022,TJ_1,Transjakarta,TJ_BLOK_M,1,2026-05-23 10:24:00,2026-05-23 10:25:00
TJ_1_022,TJ_1,Transjakarta,TJ_SENAYAN,2,2026-05-23 10:31:00,2026-05-23 10:32:00
TJ_1_022,TJ_1,Transjakarta,TJ_DUKUH_ATAS,3,2026-05-23 10:38:00,2026-05-23 10:39:00
TJ_1_023,TJ_1,Transjakarta,TJ_BLOK_M,1,2026-05-23 10:36:00,2026-05-23 10:37:00
TJ_1_023,TJ_1,Transjakarta,TJ_SENAYAN,2,2026-05-23 10:43:00,2026-05-23 10:44:00
TJ_1_023,TJ_1,Transjakarta,TJ_DUKUH_ATAS,3,2026-05-23 10:50:00,2026-05-23 10:51:00
TJ_1_024,TJ_1,Transjakarta,TJ_BLOK_M,1,2026-05-23 10:48:00,2026-05-23 10:49:00
TJ_1_024,TJ_1,Transjakarta,TJ_SENAYAN,2,2026-05-23 10:55:00,2026-05-23 10:56:00
TJ_1_024,TJ_1,Transjakarta,TJ_DUKUH_ATAS,3,2026-05-23 11:02:00,2026-05-23 11:03:00
TJ_1_025,TJ_1,Transjakarta,TJ_BLOK_M,1,2026-05-23 11:00:00,2026-05-23 11:01:00
TJ_1_025,TJ_1,Transjakarta,TJ_SENAYAN,2,2026-05-23 11:07:00,2026-05-23 11:08:00
TJ_1_025,TJ_1,Transjakarta,TJ_DUKUH_ATAS,3,2026-05-23 11:14:00,2026-05-23 11:15:00
TJ_1_026,TJ_1,Transjakarta,TJ_BLOK_M,1,2026-05-23 11:12:00,2026-05-23 11:13:00
TJ_1_026,TJ_1,Transjakarta,TJ_SENAYAN,2,2026-05-23 11:19:00,2026-05-23 11:20:00
TJ_1_026,TJ_1,Transjakarta,TJ_DUKUH_ATAS,3,2026-05-23 11:26:00,2026-05-23 11:27:00
TJ_1_027,TJ_1,Transjakarta,TJ_BLOK_M,1,2026-05-23 11:24:00,2026-05-23 11:25:00
TJ_1_027,TJ_1,Transjakarta,TJ_SENAYAN,2,2026-05-23 11:31:00,2026-05-23 11:32:00
TJ_1_027,TJ_1,Transjakarta,TJ_DUKUH_ATAS,3,2026-05-23 11:38:00,2026-05-23 11:39:00
TJ_1_028,TJ_1,Transjakarta,TJ_BLOK_M,1,2026-05-23 11:36:00,2026-05-23 11:37:00
TJ_1_028,TJ_1,Transjakarta,TJ_SENAYAN,2,2026-05-23 11:43:00,2026-05-23 11:44:00
TJ_1_028,TJ_1,Transjakarta,TJ_DUKUH_ATAS,3,2026-05-23 11:50:00,2026-05-23 11:51:00
TJ_1_029,TJ_1,Transjakarta,TJ_BLOK_M,1,2026-05-23 11:48:00,2026-05-23 11:49:00
TJ_1_029,TJ_1,Transjakarta,TJ_SENAYAN,2,2026-05-23 11:55:00,2026-05-23 11:56:00
TJ_1_029,TJ_1,Transjakarta,TJ_DUKUH_ATAS,3,2026-05-23 12:02:00,2026-05-23 12:03:00
TJ_1_030,TJ_1,Transjakarta,TJ_BLOK_M,1,2026-05-23 12:00:00,2026-05-23 12:01:00
TJ_1_030,TJ_1,Transjakarta,TJ_SENAYAN,2,2026-05-23 12:07:00,2026-05-23 12:08:00
TJ_1_030,TJ_1,Transjakarta,TJ_DUKUH_ATAS,3,2026-05-23 12:14:00,2026-05-23 12:15:00
TJ_1_031,TJ_1,Transjakarta,TJ_BLOK_M,1,2026-05-23 12:12:00,2026-05-23 12:13:00
TJ_1_031,TJ_1,Transjakarta,TJ_SENAYAN,2,2026-05-23 12:19:00,2026-05-23 12:20:00
TJ_1_031,TJ_1,Transjakarta,TJ_DUKUH_ATAS,3,2026-05-23 12:26:00,2026-05-23 12:27:00
TJ_1_032,TJ_1,Transjakarta,TJ_BLOK_M,1,2026-05-23 12:24:00,2026-05-23 12:25:00
TJ_1_032,TJ_1,Transjakarta,TJ_SENAYAN,2,2026-05-23 12:31:00,2026-05-23 12:32:00
TJ_1_032,TJ_1,Transjakarta,TJ_DUKUH_ATAS,3,2026-05-23 12:38:00,2026-05-23 12:39:00
TJ_1_033,TJ_1,Transjakarta,TJ_BLOK_M,1,2026-05-23 12:36:00,2026-05-23 12:37:00
TJ_1_033,TJ_1,Transjakarta,TJ_SENAYAN,2,2026-05-23 12:43:00,2026-05-23 12:44:00
TJ_1_033,TJ_1,Transjakarta,TJ_DUKUH_ATAS,3,2026-05-23 12:50:00,2026-05-23 12:51:00
TJ_1_034,TJ_1,Transjakarta,TJ_BLOK_M,1,2026-05-23 12:48:00,2026-05-23 12:49:00
TJ_1_034,TJ_1,Transjakarta,TJ_SENAYAN,2,2026-05-23 12:55:00,2026-05-23 12:56:00
TJ_1_034,TJ_1,Transjakarta,TJ_DUKUH_ATAS,3,2026-05-23 13:02:00,2026-05-23 13:03:00
TJ_1_035,TJ_1,Transjakarta,TJ_BLOK_M,1,2026-05-23 13:00:00,2026-05-23 13:01:00
TJ_1_035,TJ_1,Transjakarta,TJ_SENAYAN,2,2026-05-23 13:07:00,2026-05-23 13:08:00
TJ_1_035,TJ_1,Transjakarta,TJ_DUKUH_ATAS,3,2026-05-23 13:14:00,2026-05-23 13:15:00
TJ_1_036,TJ_1,Transjakarta,TJ_BLOK_M,1,2026-05-23 13:12:00,2026-05-23 13:13:00
TJ_1_036,TJ_1,Transjakarta,TJ_SENAYAN,2,2026-05-23 13:19:00,2026-05-23 13:20:00
TJ_1_036,TJ_1,Transjakarta,TJ_DUKUH_ATAS,3,2026-05-23 13:26:00,2026-05-23 13:27:00
TJ_1_037,TJ_1,Transjakarta,TJ_BLOK_M,1,2026-05-23 13:24:00,2026-05-23 13:25:00
TJ_1_037,TJ_1,Transjakarta,TJ_SENAYAN,2,2026-05-23 13:31:00,2026-05-23 13:32:00
TJ_1_037,TJ_1,Transjakarta,TJ_DUKUH_ATAS,3,2026-05-23 13:38:00,2026-05-23 13:39:00
TJ_1_038,TJ_1,Transjakarta,TJ_BLOK_M,1,2026-05-23 13:36:00,2026-05-23 13:37:00
TJ_1_038,TJ_1,Transjakarta,TJ_SENAYAN,2,2026-05-23 13:43:00,2026-05-23 13:44:00
TJ_1_038,TJ_1,Transjakarta,TJ_DUKUH_ATAS,3,2026-05-23 13:50:00,2026-05-23 13:51:00
TJ_1_039,TJ_1,Transjakarta,TJ_BLOK_M,1,2026-05-23 13:48:00,2026-05-23 13:49:00
TJ_1_039,TJ_1,Transjakarta,TJ_SENAYAN,2,2026-05-23 13:55:00,2026-05-23 13:56:00
TJ_1_039,TJ_1,Transjakarta,TJ_DUKUH_ATAS,3,2026-05-23 14:02:00,2026-05-23 14:03:00
TJ_2_000,TJ_2,Transjakarta,TJ_HARMONI,1,2026-05-23 06:00:00,2026-05-23 06:01:00
TJ_2_000,TJ_2,Transjakarta,TJ_HARMONI_CENTRAL,2,2026-05-23 06:07:00,2026-05-23 06:08:00
TJ_2_000,TJ_2,Transjakarta,TJ_DUKUH_ATAS,3,2026-05-23 06:14:00,2026-05-23 06:15:00
TJ_2_001,TJ_2,Transjakarta,TJ_HARMONI,1,2026-05-23 06:12:00,2026-05-23 06:13:00
TJ_2_001,TJ_2,Transjakarta,TJ_HARMONI_CENTRAL,2,2026-05-23 06:19:00,2026-05-23 06:20:00
TJ_2_001,TJ_2,Transjakarta,TJ_DUKUH_ATAS,3,2026-05-23 06:26:00,2026-05-23 06:27:00
TJ_2_002,TJ_2,Transjakarta,TJ_HARMONI,1,2026-05-23 06:24:00,2026-05-23 06:25:00
TJ_2_002,TJ_2,Transjakarta,TJ_HARMONI_CENTRAL,2,2026-05-23 06:31:00,2026-05-23 06:32:00
TJ_2_002,TJ_2,Transjakarta,TJ_DUKUH_ATAS,3,2026-05-23 06:38:00,2026-05-23 06:39:00
TJ_2_003,TJ_2,Transjakarta,TJ_HARMONI,1,2026-05-23 06:36:00,2026-05-23 06:37:00
TJ_2_003,TJ_2,Transjakarta,TJ_HARMONI_CENTRAL,2,2026-05-23 06:43:00,2026-05-23 06:44:00
TJ_2_003,TJ_2,Transjakarta,TJ_DUKUH_ATAS,3,2026-05-23 06:50:00,2026-05-23 06:51:00
TJ_2_004,TJ_2,Transjakarta,TJ_HARMONI,1,2026-05-23 06:24:00,2026-05-23 06:25:00
TJ_2_004,TJ_2,Transjakarta,TJ_HARMONI_CENTRAL,2,2026-05-23 06:31:00,2026-05-23 06:32:00
TJ_2_004,TJ_2,Transjakarta,TJ_DUKUH_ATAS,3,2026-05-23 06:38:00,2026-05-23 06:39:00
TJ_2_005,TJ_2,Transjakarta,TJ_HARMONI,1,2026-05-23 06:30:00,2026-05-23 06:31:00
TJ_2_005,TJ_2,Transjakarta,TJ_HARMONI_CENTRAL,2,2026-05-23 06:37:00,2026-05-23 06:38:00
TJ_2_005,TJ_2,Transjakarta,TJ_DUKUH_ATAS,3,2026-05-23 06:44:00,2026-05-23 06:45:00
TJ_2_006,TJ_2,Transjakarta,TJ_HARMONI,1,2026-05-23 06:36:00,2026-05-23 06:37:00
TJ_2_006,TJ_2,Transjakarta,TJ_HARMONI_CENTRAL,2,2026-05-23 06:43:00,2026-05-23 06:44:00
TJ_2_006,TJ_2,Transjakarta,TJ_DUKUH_ATAS,3,2026-05-23 06:50:00,2026-05-23 06:51:00
TJ_2_007,TJ_2,Transjakarta,TJ_HARMONI,1,2026-05-23 06:42:00,2026-05-23 06:43:00
TJ_2_007,TJ_2,Transjakarta,TJ_HARMONI_CENTRAL,2,2026-05-23 06:49:00,2026-05-23 06:50:00
TJ_2_007,TJ_2,Transjakarta,TJ_DUKUH_ATAS,3,2026-05-23 06:56:00,2026-05-23 06:57:00
TJ_2_008,TJ_2,Transjakarta,TJ_HARMONI,1,2026-05-23 06:48:00,2026-05-23 06:49:00
TJ_2_008,TJ_2,Transjakarta,TJ_HARMONI_CENTRAL,2,2026-05-23 06:55:00,2026-05-23 06:56:00
TJ_2_008,TJ_2,Transjakarta,TJ_DUKUH_ATAS,3,2026-05-23 07:02:00,2026-05-23 07:03:00
TJ_2_009,TJ_2,Transjakarta,TJ_HARMONI,1,2026-05-23 06:54:00,2026-05-23 06:55:00
TJ_2_009,TJ_2,Transjakarta,TJ_HARMONI_CENTRAL,2,2026-05-23 07:01:00,2026-05-23 07:02:00
TJ_2_009,TJ_2,Transjakarta,TJ_DUKUH_ATAS,3,2026-05-23 07:08:00,2026-05-23 07:09:00
TJ_2_010,TJ_2,Transjakarta,TJ_HARMONI,1,2026-05-23 07:00:00,2026-05-23 07:01:00
TJ_2_010,TJ_2,Transjakarta,TJ_HARMONI_CENTRAL,2,2026-05-23 07:07:00,2026-05-23 07:08:00
TJ_2_010,TJ_2,Transjakarta,TJ_DUKUH_ATAS,3,2026-05-23 07:14:00,2026-05-23 07:15:00
TJ_2_011,TJ_2,Transjakarta,TJ_HARMONI,1,2026-05-23 07:06:00,2026-05-23 07:07:00
TJ_2_011,TJ_2,Transjakarta,TJ_HARMONI_CENTRAL,2,2026-05-23 07:13:00,2026-05-23 07:14:00
TJ_2_011,TJ_2,Transjakarta,TJ_DUKUH_ATAS,3,2026-05-23 07:20:00,2026-05-23 07:21:00
TJ_2_012,TJ_2,Transjakarta,TJ_HARMONI,1,2026-05-23 07:12:00,2026-05-23 07:13:00
TJ_2_012,TJ_2,Transjakarta,TJ_HARMONI_CENTRAL,2,2026-05-23 07:19:00,2026-05-23 07:20:00
TJ_2_012,TJ_2,Transjakarta,TJ_DUKUH_ATAS,3,2026-05-23 07:26:00,2026-05-23 07:27:00
TJ_2_013,TJ_2,Transjakarta,TJ_HARMONI,1,2026-05-23 07:18:00,2026-05-23 07:19:00
TJ_2_013,TJ_2,Transjakarta,TJ_HARMONI_CENTRAL,2,2026-05-23 07:25:00,2026-05-23 07:26:00
TJ_2_013,TJ_2,Transjakarta,TJ_DUKUH_ATAS,3,2026-05-23 07:32:00,2026-05-23 07:33:00
TJ_2_014,TJ_2,Transjakarta,TJ_HARMONI,1,2026-05-23 07:24:00,2026-05-23 07:25:00
TJ_2_014,TJ_2,Transjakarta,TJ_HARMONI_CENTRAL,2,2026-05-23 07:31:00,2026-05-23 07:32:00
TJ_2_014,TJ_2,Transjakarta,TJ_DUKUH_ATAS,3,2026-05-23 07:38:00,2026-05-23 07:39:00
TJ_2_015,TJ_2,Transjakarta,TJ_HARMONI,1,2026-05-23 07:30:00,2026-05-23 07:31:00
TJ_2_015,TJ_2,Transjakarta,TJ_HARMONI_CENTRAL,2,2026-05-23 07:37:00,2026-05-23 07:38:00
TJ_2_015,TJ_2,Transjakarta,TJ_DUKUH_ATAS,3,2026-05-23 07:44:00,2026-05-23 07:45:00
TJ_2_016,TJ_2,Transjakarta,TJ_HARMONI,1,2026-05-23 09:12:00,2026-05-23 09:13:00
TJ_2_016,TJ_2,Transjakarta,TJ_HARMONI_CENTRAL,2,2026-05-23 09:19:00,2026-05-23 09:20:00
TJ_2_016,TJ_2,Transjakarta,TJ_DUKUH_ATAS,3,2026-05-23 09:26:00,2026-05-23 09:27:00
TJ_2_017,TJ_2,Transjakarta,TJ_HARMONI,1,2026-05-23 09:24:00,2026-05-23 09:25:00
TJ_2_017,TJ_2,Transjakarta,TJ_HARMONI_CENTRAL,2,2026-05-23 09:31:00,2026-05-23 09:32:00
TJ_2_017,TJ_2,Transjakarta,TJ_DUKUH_ATAS,3,2026-05-23 09:38:00,2026-05-23 09:39:00
TJ_2_018,TJ_2,Transjakarta,TJ_HARMONI,1,2026-05-23 09:36:00,2026-05-23 09:37:00
TJ_2_018,TJ_2,Transjakarta,TJ_HARMONI_CENTRAL,2,2026-05-23 09:43:00,2026-05-23 09:44:00
TJ_2_018,TJ_2,Transjakarta,TJ_DUKUH_ATAS,3,2026-05-23 09:50:00,2026-05-23 09:51:00
TJ_2_019,TJ_2,Transjakarta,TJ_HARMONI,1,2026-05-23 09:48:00,2026-05-23 09:49:00
TJ_2_019,TJ_2,Transjakarta,TJ_HARMONI_CENTRAL,2,2026-05-23 09:55:00,2026-05-23 09:56:00
TJ_2_019,TJ_2,Transjakarta,TJ_DUKUH_ATAS,3,2026-05-23 10:02:00,2026-05-23 10:03:00
TJ_2_020,TJ_2,Transjakarta,TJ_HARMONI,1,2026-05-23 10:00:00,2026-05-23 10:01:00
TJ_2_020,TJ_2,Transjakarta,TJ_HARMONI_CENTRAL,2,2026-05-23 10:07:00,2026-05-23 10:08:00
TJ_2_020,TJ_2,Transjakarta,TJ_DUKUH_ATAS,3,2026-05-23 10:14:00,2026-05-23 10:15:00
TJ_2_021,TJ_2,Transjakarta,TJ_HARMONI,1,2026-05-23 10:12:00,2026-05-23 10:13:00
TJ_2_021,TJ_2,Transjakarta,TJ_HARMONI_CENTRAL,2,2026-05-23 10:19:00,2026-05-23 10:20:00
TJ_2_021,TJ_2,Transjakarta,TJ_DUKUH_ATAS,3,2026-05-23 10:26:00,2026-05-23 10:27:00
TJ_2_022,TJ_2,Transjakarta,TJ_HARMONI,1,2026-05-23 10:24:00,2026-05-23 10:25:00
TJ_2_022,TJ_2,Transjakarta,TJ_HARMONI_CENTRAL,2,2026-05-23 10:31:00,2026-05-23 10:32:00
TJ_2_022,TJ_2,Transjakarta,TJ_DUKUH_ATAS,3,2026-05-23 10:38:00,2026-05-23 10:39:00
TJ_2_023,TJ_2,Transjakarta,TJ_HARMONI,1,2026-05-23 10:36:00,2026-05-23 10:37:00
TJ_2_023,TJ_2,Transjakarta,TJ_HARMONI_CENTRAL,2,2026-05-23 10:43:00,2026-05-23 10:44:00
TJ_2_023,TJ_2,Transjakarta,TJ_DUKUH_ATAS,3,2026-05-23 10:50:00,2026-05-23 10:51:00
TJ_2_024,TJ_2,Transjakarta,TJ_HARMONI,1,2026-05-23 10:48:00,2026-05-23 10:49:00
TJ_2_024,TJ_2,Transjakarta,TJ_HARMONI_CENTRAL,2,2026-05-23 10:55:00,2026-05-23 10:56:00
TJ_2_024,TJ_2,Transjakarta,TJ_DUKUH_ATAS,3,2026-05-23 11:02:00,2026-05-23 11:03:00
TJ_2_025,TJ_2,Transjakarta,TJ_HARMONI,1,2026-05-23 11:00:00,2026-05-23 11:01:00
TJ_2_025,TJ_2,Transjakarta,TJ_HARMONI_CENTRAL,2,2026-05-23 11:07:00,2026-05-23 11:08:00
TJ_2_025,TJ_2,Transjakarta,TJ_DUKUH_ATAS,3,2026-05-23 11:14:00,2026-05-23 11:15:00
TJ_2_026,TJ_2,Transjakarta,TJ_HARMONI,1,2026-05-23 11:12:00,2026-05-23 11:13:00
TJ_2_026,TJ_2,Transjakarta,TJ_HARMONI_CENTRAL,2,2026-05-23 11:19:00,2026-05-23 11:20:00
TJ_2_026,TJ_2,Transjakarta,TJ_DUKUH_ATAS,3,2026-05-23 11:26:00,2026-05-23 11:27:00
TJ_2_027,TJ_2,Transjakarta,TJ_HARMONI,1,2026-05-23 11:24:00,2026-05-23 11:25:00
TJ_2_027,TJ_2,Transjakarta,TJ_HARMONI_CENTRAL,2,2026-05-23 11:31:00,2026-05-23 11:32:00
TJ_2_027,TJ_2,Transjakarta,TJ_DUKUH_ATAS,3,2026-05-23 11:38:00,2026-05-23 11:39:00
TJ_2_028,TJ_2,Transjakarta,TJ_HARMONI,1,2026-05-23 11:36:00,2026-05-23 11:37:00
TJ_2_028,TJ_2,Transjakarta,TJ_HARMONI_CENTRAL,2,2026-05-23 11:43:00,2026-05-23 11:44:00
TJ_2_028,TJ_2,Transjakarta,TJ_DUKUH_ATAS,3,2026-05-23 11:50:00,2026-05-23 11:51:00
TJ_2_029,TJ_2,Transjakarta,TJ_HARMONI,1,2026-05-23 11:48:00,2026-05-23 11:49:00
TJ_2_029,TJ_2,Transjakarta,TJ_HARMONI_CENTRAL,2,2026-05-23 11:55:00,2026-05-23 11:56:00
TJ_2_029,TJ_2,Transjakarta,TJ_DUKUH_ATAS,3,2026-05-23 12:02:00,2026-05-23 12:03:00
TJ_2_030,TJ_2,Transjakarta,TJ_HARMONI,1,2026-05-23 12:00:00,2026-05-23 12:01:00
TJ_2_030,TJ_2,Transjakarta,TJ_HARMONI_CENTRAL,2,2026-05-23 12:07:00,2026-05-23 12:08:00
TJ_2_030,TJ_2,Transjakarta,TJ_DUKUH_ATAS,3,2026-05-23 12:14:00,2026-05-23 12:15:00
TJ_2_031,TJ_2,Transjakarta,TJ_HARMONI,1,2026-05-23 12:12:00,2026-05-23 12:13:00
TJ_2_031,TJ_2,Transjakarta,TJ_HARMONI_CENTRAL,2,2026-05-23 12:19:00,2026-05-23 12:20:00
TJ_2_031,TJ_2,Transjakarta,TJ_DUKUH_ATAS,3,2026-05-23 12:26:00,2026-05-23 12:27:00
TJ_2_032,TJ_2,Transjakarta,TJ_HARMONI,1,2026-05-23 12:24:00,2026-05-23 12:25:00
TJ_2_032,TJ_2,Transjakarta,TJ_HARMONI_CENTRAL,2,2026-05-23 12:31:00,2026-05-23 12:32:00
TJ_2_032,TJ_2,Transjakarta,TJ_DUKUH_ATAS,3,2026-05-23 12:38:00,2026-05-23 12:39:00
TJ_2_033,TJ_2,Transjakarta,TJ_HARMONI,1,2026-05-23 12:36:00,2026-05-23 12:37:00
TJ_2_033,TJ_2,Transjakarta,TJ_HARMONI_CENTRAL,2,2026-05-23 12:43:00,2026-05-23 12:44:00
TJ_2_033,TJ_2,Transjakarta,TJ_DUKUH_ATAS,3,2026-05-23 12:50:00,2026-05-23 12:51:00
TJ_2_034,TJ_2,Transjakarta,TJ_HARMONI,1,2026-05-23 12:48:00,2026-05-23 12:49:00
TJ_2_034,TJ_2,Transjakarta,TJ_HARMONI_CENTRAL,2,2026-05-23 12:55:00,2026-05-23 12:56:00
TJ_2_034,TJ_2,Transjakarta,TJ_DUKUH_ATAS,3,2026-05-23 13:02:00,2026-05-23 13:03:00
TJ_2_035,TJ_2,Transjakarta,TJ_HARMONI,1,2026-05-23 13:00:00,2026-05-23 13:01:00
TJ_2_035,TJ_2,Transjakarta,TJ_HARMONI_CENTRAL,2,2026-05-23 13:07:00,2026-05-23 13:08:00
TJ_2_035,TJ_2,Transjakarta,TJ_DUKUH_ATAS,3,2026-05-23 13:14:00,2026-05-23 13:15:00
TJ_2_036,TJ_2,Transjakarta,TJ_HARMONI,1,2026-05-23 13:12:00,2026-05-23 13:13:00
TJ_2_036,TJ_2,Transjakarta,TJ_HARMONI_CENTRAL,2,2026-05-23 13:19:00,2026-05-23 13:20:00
TJ_2_036,TJ_2,Transjakarta,TJ_DUKUH_ATAS,3,2026-05-23 13:26:00,2026-05-23 13:27:00
TJ_2_037,TJ_2,Transjakarta,TJ_HARMONI,1,2026-05-23 13:24:00,2026-05-23 13:25:00
TJ_2_037,TJ_2,Transjakarta,TJ_HARMONI_CENTRAL,2,2026-05-23 13:31:00,2026-05-23 13:32:00
TJ_2_037,TJ_2,Transjakarta,TJ_DUKUH_ATAS,3,2026-05-23 13:38:00,2026-05-23 13:39:00
TJ_2_038,TJ_2,Transjakarta,TJ_HARMONI,1,2026-05-23 13:36:00,2026-05-23 13:37:00
TJ_2_038,TJ_2,Transjakarta,TJ_HARMONI_CENTRAL,2,2026-05-23 13:43:00,2026-05-23 13:44:00
TJ_2_038,TJ_2,Transjakarta,TJ_DUKUH_ATAS,3,2026-05-23 13:50:00,2026-05-23 13:51:00
TJ_2_039,TJ_2,Transjakarta,TJ_HARMONI,1,2026-05-23 13:48:00,2026-05-23 13:49:00
TJ_2_039,TJ_2,Transjakarta,TJ_HARMONI_CENTRAL,2,2026-05-23 13:55:00,2026-05-23 13:56:00
TJ_2_039,TJ_2,Transjakarta,TJ_DUKUH_ATAS,3,2026-05-23 14:02:00,2026-05-23 14:03:00
TJ_3_000,TJ_3,Transjakarta,TJ_DUKUH_ATAS,1,2026-05-23 06:00:00,2026-05-23 06:01:00
TJ_3_000,TJ_3,Transjakarta,TJ_MANGGARAI,2,2026-05-23 06:07:00,2026-05-23 06:08:00
TJ_3_000,TJ_3,Transjakarta,TJ_CAWANG,3,2026-05-23 06:14:00,2026-05-23 06:15:00
TJ_3_001,TJ_3,Transjakarta,TJ_DUKUH_ATAS,1,2026-05-23 06:12:00,2026-05-23 06:13:00
TJ_3_001,TJ_3,Transjakarta,TJ_MANGGARAI,2,2026-05-23 06:19:00,2026-05-23 06:20:00
TJ_3_001,TJ_3,Transjakarta,TJ_CAWANG,3,2026-05-23 06:26:00,2026-05-23 06:27:00
TJ_3_002,TJ_3,Transjakarta,TJ_DUKUH_ATAS,1,2026-05-23 06:24:00,2026-05-23 06:25:00
TJ_3_002,TJ_3,Transjakarta,TJ_MANGGARAI,2,2026-05-23 06:31:00,2026-05-23 06:32:00
TJ_3_002,TJ_3,Transjakarta,TJ_CAWANG,3,2026-05-23 06:38:00,2026-05-23 06:39:00
TJ_3_003,TJ_3,Transjakarta,TJ_DUKUH_ATAS,1,2026-05-23 06:36:00,2026-05-23 06:37:00
TJ_3_003,TJ_3,Transjakarta,TJ_MANGGARAI,2,2026-05-23 06:43:00,2026-05-23 06:44:00
TJ_3_003,TJ_3,Transjakarta,TJ_CAWANG,3,2026-05-23 06:50:00,2026-05-23 06:51:00
TJ_3_004,TJ_3,Transjakarta,TJ_DUKUH_ATAS,1,2026-05-23 06:24:00,2026-05-23 06:25:00
TJ_3_004,TJ_3,Transjakarta,TJ_MANGGARAI,2,2026-05-23 06:31:00,2026-05-23 06:32:00
TJ_3_004,TJ_3,Transjakarta,TJ_CAWANG,3,2026-05-23 06:38:00,2026-05-23 06:39:00
TJ_3_005,TJ_3,Transjakarta,TJ_DUKUH_ATAS,1,2026-05-23 06:30:00,2026-05-23 06:31:00
TJ_3_005,TJ_3,Transjakarta,TJ_MANGGARAI,2,2026-05-23 06:37:00,2026-05-23 06:38:00
TJ_3_005,TJ_3,Transjakarta,TJ_CAWANG,3,2026-05-23 06:44:00,2026-05-23 06:45:00
TJ_3_006,TJ_3,Transjakarta,TJ_DUKUH_ATAS,1,2026-05-23 06:36:00,2026-05-23 06:37:00
TJ_3_006,TJ_3,Transjakarta,TJ_MANGGARAI,2,2026-05-23 06:43:00,2026-05-23 06:44:00
TJ_3_006,TJ_3,Transjakarta,TJ_CAWANG,3,2026-05-23 06:50:00,2026-05-23 06:51:00
TJ_3_007,TJ_3,Transjakarta,TJ_DUKUH_ATAS,1,2026-05-23 06:42:00,2026-05-23 06:43:00
TJ_3_007,TJ_3,Transjakarta,TJ_MANGGARAI,2,2026-05-23 06:49:00,2026-05-23 06:50:00
TJ_3_007,TJ_3,Transjakarta,TJ_CAWANG,3,2026-05-23 06:56:00,2026-05-23 06:57:00
TJ_3_008,TJ_3,Transjakarta,TJ_DUKUH_ATAS,1,2026-05-23 06:48:00,2026-05-23 06:49:00
TJ_3_008,TJ_3,Transjakarta,TJ_MANGGARAI,2,2026-05-23 06:55:00,2026-05-23 06:56:00
TJ_3_008,TJ_3,Transjakarta,TJ_CAWANG,3,2026-05-23 07:02:00,2026-05-23 07:03:00
TJ_3_009,TJ_3,Transjakarta,TJ_DUKUH_ATAS,1,2026-05-23 06:54:00,2026-05-23 06:55:00
TJ_3_009,TJ_3,Transjakarta,TJ_MANGGARAI,2,2026-05-23 07:01:00,2026-05-23 07:02:00
TJ_3_009,TJ_3,Transjakarta,TJ_CAWANG,3,2026-05-23 07:08:00,2026-05-23 07:09:00
TJ_3_010,TJ_3,Transjakarta,TJ_DUKUH_ATAS,1,2026-05-23 07:00:00,2026-05-23 07:01:00
TJ_3_010,TJ_3,Transjakarta,TJ_MANGGARAI,2,2026-05-23 07:07:00,2026-05-23 07:08:00
TJ_3_010,TJ_3,Transjakarta,TJ_CAWANG,3,2026-05-23 07:14:00,2026-05-23 07:15:00
TJ_3_011,TJ_3,Transjakarta,TJ_DUKUH_ATAS,1,2026-05-23 07:06:00,2026-05-23 07:07:00
TJ_3_011,TJ_3,Transjakarta,TJ_MANGGARAI,2,2026-05-23 07:13:00,2026-05-23 07:14:00
TJ_3_011,TJ_3,Transjakarta,TJ_CAWANG,3,2026-05-23 07:20:00,2026-05-23 07:21:00
TJ_3_012,TJ_3,Transjakarta,TJ_DUKUH_ATAS,1,2026-05-23 07:12:00,2026-05-23 07:13:00
TJ_3_012,TJ_3,Transjakarta,TJ_MANGGARAI,2,2026-05-23 07:19:00,2026-05-23 07:20:00
TJ_3_012,TJ_3,Transjakarta,TJ_CAWANG,3,2026-05-23 07:26:00,2026-05-23 07:27:00
TJ_3_013,TJ_3,Transjakarta,TJ_DUKUH_ATAS,1,2026-05-23 07:18:00,2026-05-23 07:19:00
TJ_3_013,TJ_3,Transjakarta,TJ_MANGGARAI,2,2026-05-23 07:25:00,2026-05-23 07:26:00
TJ_3_013,TJ_3,Transjakarta,TJ_CAWANG,3,2026-05-23 07:32:00,2026-05-23 07:33:00
TJ_3_014,TJ_3,Transjakarta,TJ_DUKUH_ATAS,1,2026-05-23 07:24:00,2026-05-23 07:25:00
TJ_3_014,TJ_3,Transjakarta,TJ_MANGGARAI,2,2026-05-23 07:31:00,2026-05-23 07:32:00
TJ_3_014,TJ_3,Transjakarta,TJ_CAWANG,3,2026-05-23 07:38:00,2026-05-23 07:39:00
TJ_3_015,TJ_3,Transjakarta,TJ_DUKUH_ATAS,1,2026-05-23 07:30:00,2026-05-23 07:31:00
TJ_3_015,TJ_3,Transjakarta,TJ_MANGGARAI,2,2026-05-23 07:37:00,2026-05-23 07:38:00
TJ_3_015,TJ_3,Transjakarta,TJ_CAWANG,3,2026-05-23 07:44:00,2026-05-23 07:45:00
TJ_3_016,TJ_3,Transjakarta,TJ_DUKUH_ATAS,1,2026-05-23 09:12:00,2026-05-23 09:13:00
TJ_3_016,TJ_3,Transjakarta,TJ_MANGGARAI,2,2026-05-23 09:19:00,2026-05-23 09:20:00
TJ_3_016,TJ_3,Transjakarta,TJ_CAWANG,3,2026-05-23 09:26:00,2026-05-23 09:27:00
TJ_3_017,TJ_3,Transjakarta,TJ_DUKUH_ATAS,1,2026-05-23 09:24:00,2026-05-23 09:25:00
TJ_3_017,TJ_3,Transjakarta,TJ_MANGGARAI,2,2026-05-23 09:31:00,2026-05-23 09:32:00
TJ_3_017,TJ_3,Transjakarta,TJ_CAWANG,3,2026-05-23 09:38:00,2026-05-23 09:39:00
TJ_3_018,TJ_3,Transjakarta,TJ_DUKUH_ATAS,1,2026-05-23 09:36:00,2026-05-23 09:37:00
TJ_3_018,TJ_3,Transjakarta,TJ_MANGGARAI,2,2026-05-23 09:43:00,2026-05-23 09:44:00
TJ_3_018,TJ_3,Transjakarta,TJ_CAWANG,3,2026-05-23 09:50:00,2026-05-23 09:51:00
TJ_3_019,TJ_3,Transjakarta,TJ_DUKUH_ATAS,1,2026-05-23 09:48:00,2026-05-23 09:49:00
TJ_3_019,TJ_3,Transjakarta,TJ_MANGGARAI,2,2026-05-23 09:55:00,2026-05-23 09:56:00
TJ_3_019,TJ_3,Transjakarta,TJ_CAWANG,3,2026-05-23 10:02:00,2026-05-23 10:03:00
TJ_3_020,TJ_3,Transjakarta,TJ_DUKUH_ATAS,1,2026-05-23 10:00:00,2026-05-23 10:01:00
TJ_3_020,TJ_3,Transjakarta,TJ_MANGGARAI,2,2026-05-23 10:07:00,2026-05-23 10:08:00
TJ_3_020,TJ_3,Transjakarta,TJ_CAWANG,3,2026-05-23 10:14:00,2026-05-23 10:15:00
TJ_3_021,TJ_3,Transjakarta,TJ_DUKUH_ATAS,1,2026-05-23 10:12:00,2026-05-23 10:13:00
TJ_3_021,TJ_3,Transjakarta,TJ_MANGGARAI,2,2026-05-23 10:19:00,2026-05-23 10:20:00
TJ_3_021,TJ_3,Transjakarta,TJ_CAWANG,3,2026-05-23 10:26:00,2026-05-23 10:27:00
TJ_3_022,TJ_3,Transjakarta,TJ_DUKUH_ATAS,1,2026-05-23 10:24:00,2026-05-23 10:25:00
TJ_3_022,TJ_3,Transjakarta,TJ_MANGGARAI,2,2026-05-23 10:31:00,2026-05-23 10:32:00
TJ_3_022,TJ_3,Transjakarta,TJ_CAWANG,3,2026-05-23 10:38:00,2026-05-23 10:39:00
TJ_3_023,TJ_3,Transjakarta,TJ_DUKUH_ATAS,1,2026-05-23 10:36:00,2026-05-23 10:37:00
TJ_3_023,TJ_3,Transjakarta,TJ_MANGGARAI,2,2026-05-23 10:43:00,2026-05-23 10:44:00
TJ_3_023,TJ_3,Transjakarta,TJ_CAWANG,3,2026-05-23 10:50:00,2026-05-23 10:51:00
TJ_3_024,TJ_3,Transjakarta,TJ_DUKUH_ATAS,1,2026-05-23 10:48:00,2026-05-23 10:49:00
TJ_3_024,TJ_3,Transjakarta,TJ_MANGGARAI,2,2026-05-23 10:55:00,2026-05-23 10:56:00
TJ_3_024,TJ_3,Transjakarta,TJ_CAWANG,3,2026-05-23 11:02:00,2026-05-23 11:03:00
TJ_3_025,TJ_3,Transjakarta,TJ_DUKUH_ATAS,1,2026-05-23 11:00:00,2026-05-23 11:01:00
TJ_3_025,TJ_3,Transjakarta,TJ_MANGGARAI,2,2026-05-23 11:07:00,2026-05-23 11:08:00
TJ_3_025,TJ_3,Transjakarta,TJ_CAWANG,3,2026-05-23 11:14:00,2026-05-23 11:15:00
TJ_3_026,TJ_3,Transjakarta,TJ_DUKUH_ATAS,1,2026-05-23 11:12:00,2026-05-23 11:13:00
TJ_3_026,TJ_3,Transjakarta,TJ_MANGGARAI,2,2026-05-23 11:19:00,2026-05-23 11:20:00
TJ_3_026,TJ_3,Transjakarta,TJ_CAWANG,3,2026-05-23 11:26:00,2026-05-23 11:27:00
TJ_3_027,TJ_3,Transjakarta,TJ_DUKUH_ATAS,1,2026-05-23 11:24:00,2026-05-23 11:25:00
TJ_3_027,TJ_3,Transjakarta,TJ_MANGGARAI,2,2026-05-23 11:31:00,2026-05-23 11:32:00
TJ_3_027,TJ_3,Transjakarta,TJ_CAWANG,3,2026-05-23 11:38:00,2026-05-23 11:39:00
TJ_3_028,TJ_3,Transjakarta,TJ_DUKUH_ATAS,1,2026-05-23 11:36:00,2026-05-23 11:37:00
TJ_3_028,TJ_3,Transjakarta,TJ_MANGGARAI,2,2026-05-23 11:43:00,2026-05-23 11:44:00
TJ_3_028,TJ_3,Transjakarta,TJ_CAWANG,3,2026-05-23 11:50:00,2026-05-23 11:51:00
TJ_3_029,TJ_3,Transjakarta,TJ_DUKUH_ATAS,1,2026-05-23 11:48:00,2026-05-23 11:49:00
TJ_3_029,TJ_3,Transjakarta,TJ_MANGGARAI,2,2026-05-23 11:55:00,2026-05-23 11:56:00
TJ_3_029,TJ_3,Transjakarta,TJ_CAWANG,3,2026-05-23 12:02:00,2026-05-23 12:03:00
TJ_3_030,TJ_3,Transjakarta,TJ_DUKUH_ATAS,1,2026-05-23 12:00:00,2026-05-23 12:01:00
TJ_3_030,TJ_3,Transjakarta,TJ_MANGGARAI,2,2026-05-23 12:07:00,2026-05-23 12:08:00
TJ_3_030,TJ_3,Transjakarta,TJ_CAWANG,3,2026-05-23 12:14:00,2026-05-23 12:15:00
TJ_3_031,TJ_3,Transjakarta,TJ_DUKUH_ATAS,1,2026-05-23 12:12:00,2026-05-23 12:13:00
TJ_3_031,TJ_3,Transjakarta,TJ_MANGGARAI,2,2026-05-23 12:19:00,2026-05-23 12:20:00
TJ_3_031,TJ_3,Transjakarta,TJ_CAWANG,3,2026-05-23 12:26:00,2026-05-23 12:27:00
TJ_3_032,TJ_3,Transjakarta,TJ_DUKUH_ATAS,1,2026-05-23 12:24:00,2026-05-23 12:25:00
TJ_3_032,TJ_3,Transjakarta,TJ_MANGGARAI,2,2026-05-23 12:31:00,2026-05-23 12:32:00
TJ_3_032,TJ_3,Transjakarta,TJ_CAWANG,3,2026-05-23 12:38:00,2026-05-23 12:39:00
TJ_3_033,TJ_3,Transjakarta,TJ_DUKUH_ATAS,1,2026-05-23 12:36:00,2026-05-23 12:37:00
TJ_3_033,TJ_3,Transjakarta,TJ_MANGGARAI,2,2026-05-23 12:43:00,2026-05-23 12:44:00
TJ_3_033,TJ_3,Transjakarta,TJ_CAWANG,3,2026-05-23 12:50:00,2026-05-23 12:51:00
TJ_3_034,TJ_3,Transjakarta,TJ_DUKUH_ATAS,1,2026-05-23 12:48:00,2026-05-23 12:49:00
TJ_3_034,TJ_3,Transjakarta,TJ_MANGGARAI,2,2026-05-23 12:55:00,2026-05-23 12:56:00
TJ_3_034,TJ_3,Transjakarta,TJ_CAWANG,3,2026-05-23 13:02:00,2026-05-23 13:03:00
TJ_3_035,TJ_3,Transjakarta,TJ_DUKUH_ATAS,1,2026-05-23 13:00:00,2026-05-23 13:01:00
TJ_3_035,TJ_3,Transjakarta,TJ_MANGGARAI,2,2026-05-23 13:07:00,2026-05-23 13:08:00
TJ_3_035,TJ_3,Transjakarta,TJ_CAWANG,3,2026-05-23 13:14:00,2026-05-23 13:15:00
TJ_3_036,TJ_3,Transjakarta,TJ_DUKUH_ATAS,1,2026-05-23 13:12:00,2026-05-23 13:13:00
TJ_3_036,TJ_3,Transjakarta,TJ_MANGGARAI,2,2026-05-23 13:19:00,2026-05-23 13:20:00
TJ_3_036,TJ_3,Transjakarta,TJ_CAWANG,3,2026-05-23 13:26:00,2026-05-23 13:27:00
TJ_3_037,TJ_3,Transjakarta,TJ_DUKUH_ATAS,1,2026-05-23 13:24:00,2026-05-23 13:25:00
TJ_3_037,TJ_3,Transjakarta,TJ_MANGGARAI,2,2026-05-23 13:31:00,2026-05-23 13:32:00
TJ_3_037,TJ_3,Transjakarta,TJ_CAWANG,3,2026-05-23 13:38:00,2026-05-23 13:39:00
TJ_3_038,TJ_3,Transjakarta,TJ_DUKUH_ATAS,1,2026-05-23 13:36:00,2026-05-23 13:37:00
TJ_3_038,TJ_3,Transjakarta,TJ_MANGGARAI,2,2026-05-23 13:43:00,2026-05-23 13:44:00
TJ_3_038,TJ_3,Transjakarta,TJ_CAWANG,3,2026-05-23 13:50:00,2026-05-23 13:51:00
TJ_3_039,TJ_3,Transjakarta,TJ_DUKUH_ATAS,1,2026-05-23 13:48:00,2026-05-23 13:49:00
TJ_3_039,TJ_3,Transjakarta,TJ_MANGGARAI,2,2026-05-23 13:55:00,2026-05-23 13:56:00
TJ_3_039,TJ_3,Transjakarta,TJ_CAWANG,3,2026-05-23 14:02:00,2026-05-23 14:03:00
TJ_4_000,TJ_4,Transjakarta,TJ_LEBAK_BULUS,1,2026-05-23 06:00:00,2026-05-23 06:01:00
TJ_4_000,TJ_4,Transjakarta,TJ_BLOK_M,2,2026-05-23 06:07:00,2026-05-23 06:08:00
TJ_4_000,TJ_4,Transjakarta,TJ_SENAYAN,3,2026-05-23 06:14:00,2026-05-23 06:15:00
TJ_4_001,TJ_4,Transjakarta,TJ_LEBAK_BULUS,1,2026-05-23 06:12:00,2026-05-23 06:13:00
TJ_4_001,TJ_4,Transjakarta,TJ_BLOK_M,2,2026-05-23 06:19:00,2026-05-23 06:20:00
TJ_4_001,TJ_4,Transjakarta,TJ_SENAYAN,3,2026-05-23 06:26:00,2026-05-23 06:27:00
TJ_4_002,TJ_4,Transjakarta,TJ_LEBAK_BULUS,1,2026-05-23 06:24:00,2026-05-23 06:25:00
TJ_4_002,TJ_4,Transjakarta,TJ_BLOK_M,2,2026-05-23 06:31:00,2026-05-23 06:32:00
TJ_4_002,TJ_4,Transjakarta,TJ_SENAYAN,3,2026-05-23 06:38:00,2026-05-23 06:39:00
TJ_4_003,TJ_4,Transjakarta,TJ_LEBAK_BULUS,1,2026-05-23 06:36:00,2026-05-23 06:37:00
TJ_4_003,TJ_4,Transjakarta,TJ_BLOK_M,2,2026-05-23 06:43:00,2026-05-23 06:44:00
TJ_4_003,TJ_4,Transjakarta,TJ_SENAYAN,3,2026-05-23 06:50:00,2026-05-23 06:51:00
TJ_4_004,TJ_4,Transjakarta,TJ_LEBAK_BULUS,1,2026-05-23 06:24:00,2026-05-23 06:25:00
TJ_4_004,TJ_4,Transjakarta,TJ_BLOK_M,2,2026-05-23 06:31:00,2026-05-23 06:32:00
TJ_4_004,TJ_4,Transjakarta,TJ_SENAYAN,3,2026-05-23 06:38:00,2026-05-23 06:39:00
TJ_4_005,TJ_4,Transjakarta,TJ_LEBAK_BULUS,1,2026-05-23 06:30:00,2026-05-23 06:31:00
TJ_4_005,TJ_4,Transjakarta,TJ_BLOK_M,2,2026-05-23 06:37:00,2026-05-23 06:38:00
TJ_4_005,TJ_4,Transjakarta,TJ_SENAYAN,3,2026-05-23 06:44:00,2026-05-23 06:45:00
TJ_4_006,TJ_4,Transjakarta,TJ_LEBAK_BULUS,1,2026-05-23 06:36:00,2026-05-23 06:37:00
TJ_4_006,TJ_4,Transjakarta,TJ_BLOK_M,2,2026-05-23 06:43:00,2026-05-23 06:44:00
TJ_4_006,TJ_4,Transjakarta,TJ_SENAYAN,3,2026-05-23 06:50:00,2026-05-23 06:51:00
TJ_4_007,TJ_4,Transjakarta,TJ_LEBAK_BULUS,1,2026-05-23 06:42:00,2026-05-23 06:43:00
TJ_4_007,TJ_4,Transjakarta,TJ_BLOK_M,2,2026-05-23 06:49:00,2026-05-23 06:50:00
TJ_4_007,TJ_4,Transjakarta,TJ_SENAYAN,3,2026-05-23 06:56:00,2026-05-23 06:57:00
TJ_4_008,TJ_4,Transjakarta,TJ_LEBAK_BULUS,1,2026-05-23 06:48:00,2026-05-23 06:49:00
TJ_4_008,TJ_4,Transjakarta,TJ_BLOK_M,2,2026-05-23 06:55:00,2026-05-23 06:56:00
TJ_4_008,TJ_4,Transjakarta,TJ_SENAYAN,3,2026-05-23 07:02:00,2026-05-23 07:03:00
TJ_4_009,TJ_4,Transjakarta,TJ_LEBAK_BULUS,1,2026-05-23 06:54:00,2026-05-23 06:55:00
TJ_4_009,TJ_4,Transjakarta,TJ_BLOK_M,2,2026-05-23 07:01:00,2026-05-23 07:02:00
TJ_4_009,TJ_4,Transjakarta,TJ_SENAYAN,3,2026-05-23 07:08:00,2026-05-23 07:09:00
TJ_4_010,TJ_4,Transjakarta,TJ_LEBAK_BULUS,1,2026-05-23 07:00:00,2026-05-23 07:01:00
TJ_4_010,TJ_4,Transjakarta,TJ_BLOK_M,2,2026-05-23 07:07:00,2026-05-23 07:08:00
TJ_4_010,TJ_4,Transjakarta,TJ_SENAYAN,3,2026-05-23 07:14:00,2026-05-23 07:15:00
TJ_4_011,TJ_4,Transjakarta,TJ_LEBAK_BULUS,1,2026-05-23 07:06:00,2026-05-23 07:07:00
TJ_4_011,TJ_4,Transjakarta,TJ_BLOK_M,2,2026-05-23 07:13:00,2026-05-23 07:14:00
TJ_4_011,TJ_4,Transjakarta,TJ_SENAYAN,3,2026-05-23 07:20:00,2026-05-23 07:21:00
TJ_4_012,TJ_4,Transjakarta,TJ_LEBAK_BULUS,1,2026-05-23 07:12:00,2026-05-23 07:13:00
TJ_4_012,TJ_4,Transjakarta,TJ_BLOK_M,2,2026-05-23 07:19:00,2026-05-23 07:20:00
TJ_4_012,TJ_4,Transjakarta,TJ_SENAYAN,3,2026-05-23 07:26:00,2026-05-23 07:27:00
TJ_4_013,TJ_4,Transjakarta,TJ_LEBAK_BULUS,1,2026-05-23 07:18:00,2026-05-23 07:19:00
TJ_4_013,TJ_4,Transjakarta,TJ_BLOK_M,2,2026-05-23 07:25:00,2026-05-23 07:26:00
TJ_4_013,TJ_4,Transjakarta,TJ_SENAYAN,3,2026-05-23 07:32:00,2026-05-23 07:33:00
TJ_4_014,TJ_4,Transjakarta,TJ_LEBAK_BULUS,1,2026-05-23 07:24:00,2026-05-23 07:25:00
TJ_4_014,TJ_4,Transjakarta,TJ_BLOK_M,2,2026-05-23 07:31:00,2026-05-23 07:32:00
TJ_4_014,TJ_4,Transjakarta,TJ_SENAYAN,3,2026-05-23 07:38:00,2026-05-23 07:39:00
TJ_4_015,TJ_4,Transjakarta,TJ_LEBAK_BULUS,1,2026-05-23 07:30:00,2026-05-23 07:31:00
TJ_4_015,TJ_4,Transjakarta,TJ_BLOK_M,2,2026-05-23 07:37:00,2026-05-23 07:38:00
TJ_4_015,TJ_4,Transjakarta,TJ_SENAYAN,3,2026-05-23 07:44:00,2026-05-23 07:45:00
TJ_4_016,TJ_4,Transjakarta,TJ_LEBAK_BULUS,1,2026-05-23 09:12:00,2026-05-23 09:13:00
TJ_4_016,TJ_4,Transjakarta,TJ_BLOK_M,2,2026-05-23 09:19:00,2026-05-23 09:20:00
TJ_4_016,TJ_4,Transjakarta,TJ_SENAYAN,3,2026-05-23 09:26:00,2026-05-23 09:27:00
TJ_4_017,TJ_4,Transjakarta,TJ_LEBAK_BULUS,1,2026-05-23 09:24:00,2026-05-23 09:25:00
TJ_4_017,TJ_4,Transjakarta,TJ_BLOK_M,2,2026-05-23 09:31:00,2026-05-23 09:32:00
TJ_4_017,TJ_4,Transjakarta,TJ_SENAYAN,3,2026-05-23 09:38:00,2026-05-23 09:39:00
TJ_4_018,TJ_4,Transjakarta,TJ_LEBAK_BULUS,1,2026-05-23 09:36:00,2026-05-23 09:37:00
TJ_4_018,TJ_4,Transjakarta,TJ_BLOK_M,2,2026-05-23 09:43:00,2026-05-23 09:44:00
TJ_4_018,TJ_4,Transjakarta,TJ_SENAYAN,3,2026-05-23 09:50:00,2026-05-23 09:51:00
TJ_4_019,TJ_4,Transjakarta,TJ_LEBAK_BULUS,1,2026-05-23 09:48:00,2026-05-23 09:49:00
TJ_4_019,TJ_4,Transjakarta,TJ_BLOK_M,2,2026-05-23 09:55:00,2026-05-23 09:56:00
TJ_4_019,TJ_4,Transjakarta,TJ_SENAYAN,3,2026-05-23 10:02:00,2026-05-23 10:03:00
TJ_4_020,TJ_4,Transjakarta,TJ_LEBAK_BULUS,1,2026-05-23 10:00:00,2026-05-23 10:01:00
TJ_4_020,TJ_4,Transjakarta,TJ_BLOK_M,2,2026-05-23 10:07:00,2026-05-23 10:08:00
TJ_4_020,TJ_4,Transjakarta,TJ_SENAYAN,3,2026-05-23 10:14:00,2026-05-23 10:15:00
TJ_4_021,TJ_4,Transjakarta,TJ_LEBAK_BULUS,1,2026-05-23 10:12:00,2026-05-23 10:13:00
TJ_4_021,TJ_4,Transjakarta,TJ_BLOK_M,2,2026-05-23 10:19:00,2026-05-23 10:20:00
TJ_4_021,TJ_4,Transjakarta,TJ_SENAYAN,3,2026-05-23 10:26:00,2026-05-23 10:27:00
TJ_4_022,TJ_4,Transjakarta,TJ_LEBAK_BULUS,1,2026-05-23 10:24:00,2026-05-23 10:25:00
TJ_4_022,TJ_4,Transjakarta,TJ_BLOK_M,2,2026-05-23 10:31:00,2026-05-23 10:32:00
TJ_4_022,TJ_4,Transjakarta,TJ_SENAYAN,3,2026-05-23 10:38:00,2026-05-23 10:39:00
TJ_4_023,TJ_4,Transjakarta,TJ_LEBAK_BULUS,1,2026-05-23 10:36:00,2026-05-23 10:37:00
TJ_4_023,TJ_4,Transjakarta,TJ_BLOK_M,2,2026-05-23 10:43:00,2026-05-23 10:44:00
TJ_4_023,TJ_4,Transjakarta,TJ_SENAYAN,3,2026-05-23 10:50:00,2026-05-23 10:51:00
TJ_4_024,TJ_4,Transjakarta,TJ_LEBAK_BULUS,1,2026-05-23 10:48:00,2026-05-23 10:49:00
TJ_4_024,TJ_4,Transjakarta,TJ_BLOK_M,2,2026-05-23 10:55:00,2026-05-23 10:56:00
TJ_4_024,TJ_4,Transjakarta,TJ_SENAYAN,3,2026-05-23 11:02:00,2026-05-23 11:03:00
TJ_4_025,TJ_4,Transjakarta,TJ_LEBAK_BULUS,1,2026-05-23 11:00:00,2026-05-23 11:01:00
TJ_4_025,TJ_4,Transjakarta,TJ_BLOK_M,2,2026-05-23 11:07:00,2026-05-23 11:08:00
TJ_4_025,TJ_4,Transjakarta,TJ_SENAYAN,3,2026-05-23 11:14:00,2026-05-23 11:15:00
TJ_4_026,TJ_4,Transjakarta,TJ_LEBAK_BULUS,1,2026-05-23 11:12:00,2026-05-23 11:13:00
TJ_4_026,TJ_4,Transjakarta,TJ_BLOK_M,2,2026-05-23 11:19:00,2026-05-23 11:20:00
TJ_4_026,TJ_4,Transjakarta,TJ_SENAYAN,3,2026-05-23 11:26:00,2026-05-23 11:27:00
TJ_4_027,TJ_4,Transjakarta,TJ_LEBAK_BULUS,1,2026-05-23 11:24:00,2026-05-23 11:25:00
TJ_4_027,TJ_4,Transjakarta,TJ_BLOK_M,2,2026-05-23 11:31:00,2026-05-23 11:32:00
TJ_4_027,TJ_4,Transjakarta,TJ_SENAYAN,3,2026-05-23 11:38:00,2026-05-23 11:39:00
TJ_4_028,TJ_4,Transjakarta,TJ_LEBAK_BULUS,1,2026-05-23 11:36:00,2026-05-23 11:37:00
TJ_4_028,TJ_4,Transjakarta,TJ_BLOK_M,2,2026-05-23 11:43:00,2026-05-23 11:44:00
TJ_4_028,TJ_4,Transjakarta,TJ_SENAYAN,3,2026-05-23 11:50:00,2026-05-23 11:51:00
TJ_4_029,TJ_4,Transjakarta,TJ_LEBAK_BULUS,1,2026-05-23 11:48:00,2026-05-23 11:49:00
TJ_4_029,TJ_4,Transjakarta,TJ_BLOK_M,2,2026-05-23 11:55:00,2026-05-23 11:56:00
TJ_4_029,TJ_4,Transjakarta,TJ_SENAYAN,3,2026-05-23 12:02:00,2026-05-23 12:03:00
TJ_4_030,TJ_4,Transjakarta,TJ_LEBAK_BULUS,1,2026-05-23 12:00:00,2026-05-23 12:01:00
TJ_4_030,TJ_4,Transjakarta,TJ_BLOK_M,2,2026-05-23 12:07:00,2026-05-23 12:08:00
TJ_4_030,TJ_4,Transjakarta,TJ_SENAYAN,3,2026-05-23 12:14:00,2026-05-23 12:15:00
TJ_4_031,TJ_4,Transjakarta,TJ_LEBAK_BULUS,1,2026-05-23 12:12:00,2026-05-23 12:13:00
TJ_4_031,TJ_4,Transjakarta,TJ_BLOK_M,2,2026-05-23 12:19:00,2026-05-23 12:20:00
TJ_4_031,TJ_4,Transjakarta,TJ_SENAYAN,3,2026-05-23 12:26:00,2026-05-23 12:27:00
TJ_4_032,TJ_4,Transjakarta,TJ_LEBAK_BULUS,1,2026-05-23 12:24:00,2026-05-23 12:25:00
TJ_4_032,TJ_4,Transjakarta,TJ_BLOK_M,2,2026-05-23 12:31:00,2026-05-23 12:32:00
TJ_4_032,TJ_4,Transjakarta,TJ_SENAYAN,3,2026-05-23 12:38:00,2026-05-23 12:39:00
TJ_4_033,TJ_4,Transjakarta,TJ_LEBAK_BULUS,1,2026-05-23 12:36:00,2026-05-23 12:37:00
TJ_4_033,TJ_4,Transjakarta,TJ_BLOK_M,2,2026-05-23 12:43:00,2026-05-23 12:44:00
TJ_4_033,TJ_4,Transjakarta,TJ_SENAYAN,3,2026-05-23 12:50:00,2026-05-23 12:51:00
TJ_4_034,TJ_4,Transjakarta,TJ_LEBAK_BULUS,1,2026-05-23 12:48:00,2026-05-23 12:49:00
TJ_4_034,TJ_4,Transjakarta,TJ_BLOK_M,2,2026-05-23 12:55:00,2026-05-23 12:56:00
TJ_4_034,TJ_4,Transjakarta,TJ_SENAYAN,3,2026-05-23 13:02:00,2026-05-23 13:03:00
TJ_4_035,TJ_4,Transjakarta,TJ_LEBAK_BULUS,1,2026-05-23 13:00:00,2026-05-23 13:01:00
TJ_4_035,TJ_4,Transjakarta,TJ_BLOK_M,2,2026-05-23 13:07:00,2026-05-23 13:08:00
TJ_4_035,TJ_4,Transjakarta,TJ_SENAYAN,3,2026-05-23 13:14:00,2026-05-23 13:15:00
TJ_4_036,TJ_4,Transjakarta,TJ_LEBAK_BULUS,1,2026-05-23 13:12:00,2026-05-23 13:13:00
TJ_4_036,TJ_4,Transjakarta,TJ_BLOK_M,2,2026-05-23 13:19:00,2026-05-23 13:20:00
TJ_4_036,TJ_4,Transjakarta,TJ_SENAYAN,3,2026-05-23 13:26:00,2026-05-23 13:27:00
TJ_4_037,TJ_4,Transjakarta,TJ_LEBAK_BULUS,1,2026-05-23 13:24:00,2026-05-23 13:25:00
TJ_4_037,TJ_4,Transjakarta,TJ_BLOK_M,2,2026-05-23 13:31:00,2026-05-23 13:32:00
TJ_4_037,TJ_4,Transjakarta,TJ_SENAYAN,3,2026-05-23 13:38:00,2026-05-23 13:39:00
TJ_4_038,TJ_4,Transjakarta,TJ_LEBAK_BULUS,1,2026-05-23 13:36:00,2026-05-23 13:37:00
TJ_4_038,TJ_4,Transjakarta,TJ_BLOK_M,2,2026-05-23 13:43:00,2026-05-23 13:44:00
TJ_4_038,TJ_4,Transjakarta,TJ_SENAYAN,3,2026-05-23 13:50:00,2026-05-23 13:51:00
TJ_4_039,TJ_4,Transjakarta,TJ_LEBAK_BULUS,1,2026-05-23 13:48:00,2026-05-23 13:49:00
TJ_4_039,TJ_4,Transjakarta,TJ_BLOK_M,2,2026-05-23 13:55:00,2026-05-23 13:56:00
TJ_4_039,TJ_4,Transjakarta,TJ_SENAYAN,3,2026-05-23 14:02:00,2026-05-23 14:03:00
TJ_5_000,TJ_5,Transjakarta,TJ_KAMPUNG_BANDAN,1,2026-05-23 06:00:00,2026-05-23 06:01:00
TJ_5_000,TJ_5,Transjakarta,TJ_HARMONI,2,2026-05-23 06:07:00,2026-05-23 06:08:00
TJ_5_000,TJ_5,Transjakarta,TJ_TANAH_ABANG,3,2026-05-23 06:14:00,2026-05-23 06:15:00
TJ_5_001,TJ_5,Transjakarta,TJ_KAMPUNG_BANDAN,1,2026-05-23 06:12:00,2026-05-23 06:13:00
TJ_5_001,TJ_5,Transjakarta,TJ_HARMONI,2,2026-05-23 06:19:00,2026-05-23 06:20:00
TJ_5_001,TJ_5,Transjakarta,TJ_TANAH_ABANG,3,2026-05-23 06:26:00,2026-05-23 06:27:00
TJ_5_002,TJ_5,Transjakarta,TJ_KAMPUNG_BANDAN,1,2026-05-23 06:24:00,2026-05-23 06:25:00
TJ_5_002,TJ_5,Transjakarta,TJ_HARMONI,2,2026-05-23 06:31:00,2026-05-23 06:32:00
TJ_5_002,TJ_5,Transjakarta,TJ_TANAH_ABANG,3,2026-05-23 06:38:00,2026-05-23 06:39:00
TJ_5_003,TJ_5,Transjakarta,TJ_KAMPUNG_BANDAN,1,2026-05-23 06:36:00,2026-05-23 06:37:00
TJ_5_003,TJ_5,Transjakarta,TJ_HARMONI,2,2026-05-23 06:43:00,2026-05-23 06:44:00
TJ_5_003,TJ_5,Transjakarta,TJ_TANAH_ABANG,3,2026-05-23 06:50:00,2026-05-23 06:51:00
TJ_5_004,TJ_5,Transjakarta,TJ_KAMPUNG_BANDAN,1,2026-05-23 06:24:00,2026-05-23 06:25:00
TJ_5_004,TJ_5,Transjakarta,TJ_HARMONI,2,2026-05-23 06:31:00,2026-05-23 06:32:00
TJ_5_004,TJ_5,Transjakarta,TJ_TANAH_ABANG,3,2026-05-23 06:38:00,2026-05-23 06:39:00
TJ_5_005,TJ_5,Transjakarta,TJ_KAMPUNG_BANDAN,1,2026-05-23 06:30:00,2026-05-23 06:31:00
TJ_5_005,TJ_5,Transjakarta,TJ_HARMONI,2,2026-05-23 06:37:00,2026-05-23 06:38:00
TJ_5_005,TJ_5,Transjakarta,TJ_TANAH_ABANG,3,2026-05-23 06:44:00,2026-05-23 06:45:00
TJ_5_006,TJ_5,Transjakarta,TJ_KAMPUNG_BANDAN,1,2026-05-23 06:36:00,2026-05-23 06:37:00
TJ_5_006,TJ_5,Transjakarta,TJ_HARMONI,2,2026-05-23 06:43:00,2026-05-23 06:44:00
TJ_5_006,TJ_5,Transjakarta,TJ_TANAH_ABANG,3,2026-05-23 06:50:00,2026-05-23 06:51:00
TJ_5_007,TJ_5,Transjakarta,TJ_KAMPUNG_BANDAN,1,2026-05-23 06:42:00,2026-05-23 06:43:00
TJ_5_007,TJ_5,Transjakarta,TJ_HARMONI,2,2026-05-23 06:49:00,2026-05-23 06:50:00
TJ_5_007,TJ_5,Transjakarta,TJ_TANAH_ABANG,3,2026-05-23 06:56:00,2026-05-23 06:57:00
TJ_5_008,TJ_5,Transjakarta,TJ_KAMPUNG_BANDAN,1,2026-05-23 06:48:00,2026-05-23 06:49:00
TJ_5_008,TJ_5,Transjakarta,TJ_HARMONI,2,2026-05-23 06:55:00,2026-05-23 06:56:00
TJ_5_008,TJ_5,Transjakarta,TJ_TANAH_ABANG,3,2026-05-23 07:02:00,2026-05-23 07:03:00
TJ_5_009,TJ_5,Transjakarta,TJ_KAMPUNG_BANDAN,1,2026-05-23 06:54:00,2026-05-23 06:55:00
TJ_5_009,TJ_5,Transjakarta,TJ_HARMONI,2,2026-05-23 07:01:00,2026-05-23 07:02:00
TJ_5_009,TJ_5,Transjakarta,TJ_TANAH_ABANG,3,2026-05-23 07:08:00,2026-05-23 07:09:00
TJ_5_010,TJ_5,Transjakarta,TJ_KAMPUNG_BANDAN,1,2026-05-23 07:00:00,2026-05-23 07:01:00
TJ_5_010,TJ_5,Transjakarta,TJ_HARMONI,2,2026-05-23 07:07:00,2026-05-23 07:08:00
TJ_5_010,TJ_5,Transjakarta,TJ_TANAH_ABANG,3,2026-05-23 07:14:00,2026-05-23 07:15:00
TJ_5_011,TJ_5,Transjakarta,TJ_KAMPUNG_BANDAN,1,2026-05-23 07:06:00,2026-05-23 07:07:00
TJ_5_011,TJ_5,Transjakarta,TJ_HARMONI,2,2026-05-23 07:13:00,2026-05-23 07:14:00
TJ_5_011,TJ_5,Transjakarta,TJ_TANAH_ABANG,3,2026-05-23 07:20:00,2026-05-23 07:21:00
TJ_5_012,TJ_5,Transjakarta,TJ_KAMPUNG_BANDAN,1,2026-05-23 07:12:00,2026-05-23 07:13:00
TJ_5_012,TJ_5,Transjakarta,TJ_HARMONI,2,2026-05-23 07:19:00,2026-05-23 07:20:00
TJ_5_012,TJ_5,Transjakarta,TJ_TANAH_ABANG,3,2026-05-23 07:26:00,2026-05-23 07:27:00
TJ_5_013,TJ_5,Transjakarta,TJ_KAMPUNG_BANDAN,1,2026-05-23 07:18:00,2026-05-23 07:19:00
TJ_5_013,TJ_5,Transjakarta,TJ_HARMONI,2,2026-05-23 07:25:00,2026-05-23 07:26:00
TJ_5_013,TJ_5,Transjakarta,TJ_TANAH_ABANG,3,2026-05-23 07:32:00,2026-05-23 07:33:00
TJ_5_014,TJ_5,Transjakarta,TJ_KAMPUNG_BANDAN,1,2026-05-23 07:24:00,2026-05-23 07:25:00
TJ_5_014,TJ_5,Transjakarta,TJ_HARMONI,2,2026-05-23 07:31:00,2026-05-23 07:32:00
TJ_5_014,TJ_5,Transjakarta,TJ_TANAH_ABANG,3,2026-05-23 07:38:00,2026-05-23 07:39:00
TJ_5_015,TJ_5,Transjakarta,TJ_KAMPUNG_BANDAN,1,2026-05-23 07:30:00,2026-05-23 07:31:00
TJ_5_015,TJ_5,Transjakarta,TJ_HARMONI,2,2026-05-23 07:37:00,2026-05-23 07:38:00
TJ_5_015,TJ_5,Transjakarta,TJ_TANAH_ABANG,3,2026-05-23 07:44:00,2026-05-23 07:45:00
TJ_5_016,TJ_5,Transjakarta,TJ_KAMPUNG_BANDAN,1,2026-05-23 09:12:00,2026-05-23 09:13:00
TJ_5_016,TJ_5,Transjakarta,TJ_HARMONI,2,2026-05-23 09:19:00,2026-05-23 09:20:00
TJ_5_016,TJ_5,Transjakarta,TJ_TANAH_ABANG,3,2026-05-23 09:26:00,2026-05-23 09:27:00
TJ_5_017,TJ_5,Transjakarta,TJ_KAMPUNG_BANDAN,1,2026-05-23 09:24:00,2026-05-23 09:25:00
TJ_5_017,TJ_5,Transjakarta,TJ_HARMONI,2,2026-05-23 09:31:00,2026-05-23 09:32:00
TJ_5_017,TJ_5,Transjakarta,TJ_TANAH_ABANG,3,2026-05-23 09:38:00,2026-05-23 09:39:00
TJ_5_018,TJ_5,Transjakarta,TJ_KAMPUNG_BANDAN,1,2026-05-23 09:36:00,2026-05-23 09:37:00
TJ_5_018,TJ_5,Transjakarta,TJ_HARMONI,2,2026-05-23 09:43:00,2026-05-23 09:44:00
TJ_5_018,TJ_5,Transjakarta,TJ_TANAH_ABANG,3,2026-05-23 09:50:00,2026-05-23 09:51:00
TJ_5_019,TJ_5,Transjakarta,TJ_KAMPUNG_BANDAN,1,2026-05-23 09:48:00,2026-05-23 09:49:00
TJ_5_019,TJ_5,Transjakarta,TJ_HARMONI,2,2026-05-23 09:55:00,2026-05-23 09:56:00
TJ_5_019,TJ_5,Transjakarta,TJ_TANAH_ABANG,3,2026-05-23 10:02:00,2026-05-23 10:03:00
TJ_5_020,TJ_5,Transjakarta,TJ_KAMPUNG_BANDAN,1,2026-05-23 10:00:00,2026-05-23 10:01:00
TJ_5_020,TJ_5,Transjakarta,TJ_HARMONI,2,2026-05-23 10:07:00,2026-05-23 10:08:00
TJ_5_020,TJ_5,Transjakarta,TJ_TANAH_ABANG,3,2026-05-23 10:14:00,2026-05-23 10:15:00
TJ_5_021,TJ_5,Transjakarta,TJ_KAMPUNG_BANDAN,1,2026-05-23 10:12:00,2026-05-23 10:13:00
TJ_5_021,TJ_5,Transjakarta,TJ_HARMONI,2,2026-05-23 10:19:00,2026-05-23 10:20:00
TJ_5_021,TJ_5,Transjakarta,TJ_TANAH_ABANG,3,2026-05-23 10:26:00,2026-05-23 10:27:00
TJ_5_022,TJ_5,Transjakarta,TJ_KAMPUNG_BANDAN,1,2026-05-23 10:24:00,2026-05-23 10:25:00
TJ_5_022,TJ_5,Transjakarta,TJ_HARMONI,2,2026-05-23 10:31:00,2026-05-23 10:32:00
TJ_5_022,TJ_5,Transjakarta,TJ_TANAH_ABANG,3,2026-05-23 10:38:00,2026-05-23 10:39:00
TJ_5_023,TJ_5,Transjakarta,TJ_KAMPUNG_BANDAN,1,2026-05-23 10:36:00,2026-05-23 10:37:00
TJ_5_023,TJ_5,Transjakarta,TJ_HARMONI,2,2026-05-23 10:43:00,2026-05-23 10:44:00
TJ_5_023,TJ_5,Transjakarta,TJ_TANAH_ABANG,3,2026-05-23 10:50:00,2026-05-23 10:51:00
TJ_5_024,TJ_5,Transjakarta,TJ_KAMPUNG_BANDAN,1,2026-05-23 10:48:00,2026-05-23 10:49:00
TJ_5_024,TJ_5,Transjakarta,TJ_HARMONI,2,2026-05-23 10:55:00,2026-05-23 10:56:00
TJ_5_024,TJ_5,Transjakarta,TJ_TANAH_ABANG,3,2026-05-23 11:02:00,2026-05-23 11:03:00
TJ_5_025,TJ_5,Transjakarta,TJ_KAMPUNG_BANDAN,1,2026-05-23 11:00:00,2026-05-23 11:01:00
TJ_5_025,TJ_5,Transjakarta,TJ_HARMONI,2,2026-05-23 11:07:00,2026-05-23 11:08:00
TJ_5_025,TJ_5,Transjakarta,TJ_TANAH_ABANG,3,2026-05-23 11:14:00,2026-05-23 11:15:00
TJ_5_026,TJ_5,Transjakarta,TJ_KAMPUNG_BANDAN,1,2026-05-23 11:12:00,2026-05-23 11:13:00
TJ_5_026,TJ_5,Transjakarta,TJ_HARMONI,2,2026-05-23 11:19:00,2026-05-23 11:20:00
TJ_5_026,TJ_5,Transjakarta,TJ_TANAH_ABANG,3,2026-05-23 11:26:00,2026-05-23 11:27:00
TJ_5_027,TJ_5,Transjakarta,TJ_KAMPUNG_BANDAN,1,2026-05-23 11:24:00,2026-05-23 11:25:00
TJ_5_027,TJ_5,Transjakarta,TJ_HARMONI,2,2026-05-23 11:31:00,2026-05-23 11:32:00
TJ_5_027,TJ_5,Transjakarta,TJ_TANAH_ABANG,3,2026-05-23 11:38:00,2026-05-23 11:39:00
TJ_5_028,TJ_5,Transjakarta,TJ_KAMPUNG_BANDAN,1,2026-05-23 11:36:00,2026-05-23 11:37:00
TJ_5_028,TJ_5,Transjakarta,TJ_HARMONI,2,2026-05-23 11:43:00,2026-05-23 11:44:00
TJ_5_028,TJ_5,Transjakarta,TJ_TANAH_ABANG,3,2026-05-23 11:50:00,2026-05-23 11:51:00
TJ_5_029,TJ_5,Transjakarta,TJ_KAMPUNG_BANDAN,1,2026-05-23 11:48:00,2026-05-23 11:49:00
TJ_5_029,TJ_5,Transjakarta,TJ_HARMONI,2,2026-05-23 11:55:00,2026-05-23 11:56:00
TJ_5_029,TJ_5,Transjakarta,TJ_TANAH_ABANG,3,2026-05-23 12:02:00,2026-05-23 12:03:00
TJ_5_030,TJ_5,Transjakarta,TJ_KAMPUNG_BANDAN,1,2026-05-23 12:00:00,2026-05-23 12:01:00
TJ_5_030,TJ_5,Transjakarta,TJ_HARMONI,2,2026-05-23 12:07:00,2026-05-23 12:08:00
TJ_5_030,TJ_5,Transjakarta,TJ_TANAH_ABANG,3,2026-05-23 12:14:00,2026-05-23 12:15:00
TJ_5_031,TJ_5,Transjakarta,TJ_KAMPUNG_BANDAN,1,2026-05-23 12:12:00,2026-05-23 12:13:00
TJ_5_031,TJ_5,Transjakarta,TJ_HARMONI,2,2026-05-23 12:19:00,2026-05-23 12:20:00
TJ_5_031,TJ_5,Transjakarta,TJ_TANAH_ABANG,3,2026-05-23 12:26:00,2026-05-23 12:27:00
TJ_5_032,TJ_5,Transjakarta,TJ_KAMPUNG_BANDAN,1,2026-05-23 12:24:00,2026-05-23 12:25:00
TJ_5_032,TJ_5,Transjakarta,TJ_HARMONI,2,2026-05-23 12:31:00,2026-05-23 12:32:00
TJ_5_032,TJ_5,Transjakarta,TJ_TANAH_ABANG,3,2026-05-23 12:38:00,2026-05-23 12:39:00
TJ_5_033,TJ_5,Transjakarta,TJ_KAMPUNG_BANDAN,1,2026-05-23 12:36:00,2026-05-23 12:37:00
TJ_5_033,TJ_5,Transjakarta,TJ_HARMONI,2,2026-05-23 12:43:00,2026-05-23 12:44:00
TJ_5_033,TJ_5,Transjakarta,TJ_TANAH_ABANG,3,2026-05-23 12:50:00,2026-05-23 12:51:00
TJ_5_034,TJ_5,Transjakarta,TJ_KAMPUNG_BANDAN,1,2026-05-23 12:48:00,2026-05-23 12:49:00
TJ_5_034,TJ_5,Transjakarta,TJ_HARMONI,2,2026-05-23 12:55:00,2026-05-23 12:56:00
TJ_5_034,TJ_5,Transjakarta,TJ_TANAH_ABANG,3,2026-05-23 13:02:00,2026-05-23 13:03:00
TJ_5_035,TJ_5,Transjakarta,TJ_KAMPUNG_BANDAN,1,2026-05-23 13:00:00,2026-05-23 13:01:00
TJ_5_035,TJ_5,Transjakarta,TJ_HARMONI,2,2026-05-23 13:07:00,2026-05-23 13:08:00
TJ_5_035,TJ_5,Transjakarta,TJ_TANAH_ABANG,3,2026-05-23 13:14:00,2026-05-23 13:15:00
TJ_5_036,TJ_5,Transjakarta,TJ_KAMPUNG_BANDAN,1,2026-05-23 13:12:00,2026-05-23 13:13:00
TJ_5_036,TJ_5,Transjakarta,TJ_HARMONI,2,2026-05-23 13:19:00,2026-05-23 13:20:00
TJ_5_036,TJ_5,Transjakarta,TJ_TANAH_ABANG,3,2026-05-23 13:26:00,2026-05-23 13:27:00
TJ_5_037,TJ_5,Transjakarta,TJ_KAMPUNG_BANDAN,1,2026-05-23 13:24:00,2026-05-23 13:25:00
TJ_5_037,TJ_5,Transjakarta,TJ_HARMONI,2,2026-05-23 13:31:00,2026-05-23 13:32:00
TJ_5_037,TJ_5,Transjakarta,TJ_TANAH_ABANG,3,2026-05-23 13:38:00,2026-05-23 13:39:00
TJ_5_038,TJ_5,Transjakarta,TJ_KAMPUNG_BANDAN,1,2026-05-23 13:36:00,2026-05-23 13:37:00
TJ_5_038,TJ_5,Transjakarta,TJ_HARMONI,2,2026-05-23 13:43:00,2026-05-23 13:44:00
TJ_5_038,TJ_5,Transjakarta,TJ_TANAH_ABANG,3,2026-05-23 13:50:00,2026-05-23 13:51:00
TJ_5_039,TJ_5,Transjakarta,TJ_KAMPUNG_BANDAN,1,2026-05-23 13:48:00,2026-05-23 13:49:00
TJ_5_039,TJ_5,Transjakarta,TJ_HARMONI,2,2026-05-23 13:55:00,2026-05-23 13:56:00
TJ_5_039,TJ_5,Transjakarta,TJ_TANAH_ABANG,3,2026-05-23 14:02:00,2026-05-23 14:03:00
MRT_NS_000,MRT_NS,MRT,MRT_LEBAK_BULUS,1,2026-05-23 06:00:00,2026-05-23 06:00:30
MRT_NS_000,MRT_NS,MRT,MRT_BLOK_M,2,2026-05-23 06:04:00,2026-05-23 06:04:30
MRT_NS_000,MRT_NS,MRT,MRT_SENAYAN,3,2026-05-23 06:08:00,2026-05-23 06:08:30
MRT_NS_000,MRT_NS,MRT,MRT_BUNDARAN_HI,4,2026-05-23 06:12:00,2026-05-23 06:12:30
MRT_NS_000,MRT_NS,MRT,MRT_DUKUH_ATAS,5,2026-05-23 06:16:00,2026-05-23 06:16:30
MRT_NS_001,MRT_NS,MRT,MRT_LEBAK_BULUS,1,2026-05-23 06:10:00,2026-05-23 06:10:30
MRT_NS_001,MRT_NS,MRT,MRT_BLOK_M,2,2026-05-23 06:14:00,2026-05-23 06:14:30
MRT_NS_001,MRT_NS,MRT,MRT_SENAYAN,3,2026-05-23 06:18:00,2026-05-23 06:18:30
MRT_NS_001,MRT_NS,MRT,MRT_BUNDARAN_HI,4,2026-05-23 06:22:00,2026-05-23 06:22:30
MRT_NS_001,MRT_NS,MRT,MRT_DUKUH_ATAS,5,2026-05-23 06:26:00,2026-05-23 06:26:30
MRT_NS_002,MRT_NS,MRT,MRT_LEBAK_BULUS,1,2026-05-23 06:20:00,2026-05-23 06:20:30
MRT_NS_002,MRT_NS,MRT,MRT_BLOK_M,2,2026-05-23 06:24:00,2026-05-23 06:24:30
MRT_NS_002,MRT_NS,MRT,MRT_SENAYAN,3,2026-05-23 06:28:00,2026-05-23 06:28:30
MRT_NS_002,MRT_NS,MRT,MRT_BUNDARAN_HI,4,2026-05-23 06:32:00,2026-05-23 06:32:30
MRT_NS_002,MRT_NS,MRT,MRT_DUKUH_ATAS,5,2026-05-23 06:36:00,2026-05-23 06:36:30
MRT_NS_003,MRT_NS,MRT,MRT_LEBAK_BULUS,1,2026-05-23 06:30:00,2026-05-23 06:30:30
MRT_NS_003,MRT_NS,MRT,MRT_BLOK_M,2,2026-05-23 06:34:00,2026-05-23 06:34:30
MRT_NS_003,MRT_NS,MRT,MRT_SENAYAN,3,2026-05-23 06:38:00,2026-05-23 06:38:30
MRT_NS_003,MRT_NS,MRT,MRT_BUNDARAN_HI,4,2026-05-23 06:42:00,2026-05-23 06:42:30
MRT_NS_003,MRT_NS,MRT,MRT_DUKUH_ATAS,5,2026-05-23 06:46:00,2026-05-23 06:46:30
MRT_NS_004,MRT_NS,MRT,MRT_LEBAK_BULUS,1,2026-05-23 06:40:00,2026-05-23 06:40:30
MRT_NS_004,MRT_NS,MRT,MRT_BLOK_M,2,2026-05-23 06:44:00,2026-05-23 06:44:30
MRT_NS_004,MRT_NS,MRT,MRT_SENAYAN,3,2026-05-23 06:48:00,2026-05-23 06:48:30
MRT_NS_004,MRT_NS,MRT,MRT_BUNDARAN_HI,4,2026-05-23 06:52:00,2026-05-23 06:52:30
MRT_NS_004,MRT_NS,MRT,MRT_DUKUH_ATAS,5,2026-05-23 06:56:00,2026-05-23 06:56:30
MRT_NS_005,MRT_NS,MRT,MRT_LEBAK_BULUS,1,2026-05-23 06:25:00,2026-05-23 06:25:30
MRT_NS_005,MRT_NS,MRT,MRT_BLOK_M,2,2026-05-23 06:29:00,2026-05-23 06:29:30
MRT_NS_005,MRT_NS,MRT,MRT_SENAYAN,3,2026-05-23 06:33:00,2026-05-23 06:33:30
MRT_NS_005,MRT_NS,MRT,MRT_BUNDARAN_HI,4,2026-05-23 06:37:00,2026-05-23 06:37:30
MRT_NS_005,MRT_NS,MRT,MRT_DUKUH_ATAS,5,2026-05-23 06:41:00,2026-05-23 06:41:30
MRT_NS_006,MRT_NS,MRT,MRT_LEBAK_BULUS,1,2026-05-23 06:30:00,2026-05-23 06:30:30
MRT_NS_006,MRT_NS,MRT,MRT_BLOK_M,2,2026-05-23 06:34:00,2026-05-23 06:34:30
MRT_NS_006,MRT_NS,MRT,MRT_SENAYAN,3,2026-05-23 06:38:00,2026-05-23 06:38:30
MRT_NS_006,MRT_NS,MRT,MRT_BUNDARAN_HI,4,2026-05-23 06:42:00,2026-05-23 06:42:30
MRT_NS_006,MRT_NS,MRT,MRT_DUKUH_ATAS,5,2026-05-23 06:46:00,2026-05-23 06:46:30
MRT_NS_007,MRT_NS,MRT,MRT_LEBAK_BULUS,1,2026-05-23 06:35:00,2026-05-23 06:35:30
MRT_NS_007,MRT_NS,MRT,MRT_BLOK_M,2,2026-05-23 06:39:00,2026-05-23 06:39:30
MRT_NS_007,MRT_NS,MRT,MRT_SENAYAN,3,2026-05-23 06:43:00,2026-05-23 06:43:30
MRT_NS_007,MRT_NS,MRT,MRT_BUNDARAN_HI,4,2026-05-23 06:47:00,2026-05-23 06:47:30
MRT_NS_007,MRT_NS,MRT,MRT_DUKUH_ATAS,5,2026-05-23 06:51:00,2026-05-23 06:51:30
MRT_NS_008,MRT_NS,MRT,MRT_LEBAK_BULUS,1,2026-05-23 06:40:00,2026-05-23 06:40:30
MRT_NS_008,MRT_NS,MRT,MRT_BLOK_M,2,2026-05-23 06:44:00,2026-05-23 06:44:30
MRT_NS_008,MRT_NS,MRT,MRT_SENAYAN,3,2026-05-23 06:48:00,2026-05-23 06:48:30
MRT_NS_008,MRT_NS,MRT,MRT_BUNDARAN_HI,4,2026-05-23 06:52:00,2026-05-23 06:52:30
MRT_NS_008,MRT_NS,MRT,MRT_DUKUH_ATAS,5,2026-05-23 06:56:00,2026-05-23 06:56:30
MRT_NS_009,MRT_NS,MRT,MRT_LEBAK_BULUS,1,2026-05-23 06:45:00,2026-05-23 06:45:30
MRT_NS_009,MRT_NS,MRT,MRT_BLOK_M,2,2026-05-23 06:49:00,2026-05-23 06:49:30
MRT_NS_009,MRT_NS,MRT,MRT_SENAYAN,3,2026-05-23 06:53:00,2026-05-23 06:53:30
MRT_NS_009,MRT_NS,MRT,MRT_BUNDARAN_HI,4,2026-05-23 06:57:00,2026-05-23 06:57:30
MRT_NS_009,MRT_NS,MRT,MRT_DUKUH_ATAS,5,2026-05-23 07:01:00,2026-05-23 07:01:30
MRT_NS_010,MRT_NS,MRT,MRT_LEBAK_BULUS,1,2026-05-23 06:50:00,2026-05-23 06:50:30
MRT_NS_010,MRT_NS,MRT,MRT_BLOK_M,2,2026-05-23 06:54:00,2026-05-23 06:54:30
MRT_NS_010,MRT_NS,MRT,MRT_SENAYAN,3,2026-05-23 06:58:00,2026-05-23 06:58:30
MRT_NS_010,MRT_NS,MRT,MRT_BUNDARAN_HI,4,2026-05-23 07:02:00,2026-05-23 07:02:30
MRT_NS_010,MRT_NS,MRT,MRT_DUKUH_ATAS,5,2026-05-23 07:06:00,2026-05-23 07:06:30
MRT_NS_011,MRT_NS,MRT,MRT_LEBAK_BULUS,1,2026-05-23 06:55:00,2026-05-23 06:55:30
MRT_NS_011,MRT_NS,MRT,MRT_BLOK_M,2,2026-05-23 06:59:00,2026-05-23 06:59:30
MRT_NS_011,MRT_NS,MRT,MRT_SENAYAN,3,2026-05-23 07:03:00,2026-05-23 07:03:30
MRT_NS_011,MRT_NS,MRT,MRT_BUNDARAN_HI,4,2026-05-23 07:07:00,2026-05-23 07:07:30
MRT_NS_011,MRT_NS,MRT,MRT_DUKUH_ATAS,5,2026-05-23 07:11:00,2026-05-23 07:11:30
MRT_NS_012,MRT_NS,MRT,MRT_LEBAK_BULUS,1,2026-05-23 07:00:00,2026-05-23 07:00:30
MRT_NS_012,MRT_NS,MRT,MRT_BLOK_M,2,2026-05-23 07:04:00,2026-05-23 07:04:30
MRT_NS_012,MRT_NS,MRT,MRT_SENAYAN,3,2026-05-23 07:08:00,2026-05-23 07:08:30
MRT_NS_012,MRT_NS,MRT,MRT_BUNDARAN_HI,4,2026-05-23 07:12:00,2026-05-23 07:12:30
MRT_NS_012,MRT_NS,MRT,MRT_DUKUH_ATAS,5,2026-05-23 07:16:00,2026-05-23 07:16:30
MRT_NS_013,MRT_NS,MRT,MRT_LEBAK_BULUS,1,2026-05-23 07:05:00,2026-05-23 07:05:30
MRT_NS_013,MRT_NS,MRT,MRT_BLOK_M,2,2026-05-23 07:09:00,2026-05-23 07:09:30
MRT_NS_013,MRT_NS,MRT,MRT_SENAYAN,3,2026-05-23 07:13:00,2026-05-23 07:13:30
MRT_NS_013,MRT_NS,MRT,MRT_BUNDARAN_HI,4,2026-05-23 07:17:00,2026-05-23 07:17:30
MRT_NS_013,MRT_NS,MRT,MRT_DUKUH_ATAS,5,2026-05-23 07:21:00,2026-05-23 07:21:30
MRT_NS_014,MRT_NS,MRT,MRT_LEBAK_BULUS,1,2026-05-23 07:10:00,2026-05-23 07:10:30
MRT_NS_014,MRT_NS,MRT,MRT_BLOK_M,2,2026-05-23 07:14:00,2026-05-23 07:14:30
MRT_NS_014,MRT_NS,MRT,MRT_SENAYAN,3,2026-05-23 07:18:00,2026-05-23 07:18:30
MRT_NS_014,MRT_NS,MRT,MRT_BUNDARAN_HI,4,2026-05-23 07:22:00,2026-05-23 07:22:30
MRT_NS_014,MRT_NS,MRT,MRT_DUKUH_ATAS,5,2026-05-23 07:26:00,2026-05-23 07:26:30
MRT_NS_015,MRT_NS,MRT,MRT_LEBAK_BULUS,1,2026-05-23 07:15:00,2026-05-23 07:15:30
MRT_NS_015,MRT_NS,MRT,MRT_BLOK_M,2,2026-05-23 07:19:00,2026-05-23 07:19:30
MRT_NS_015,MRT_NS,MRT,MRT_SENAYAN,3,2026-05-23 07:23:00,2026-05-23 07:23:30
MRT_NS_015,MRT_NS,MRT,MRT_BUNDARAN_HI,4,2026-05-23 07:27:00,2026-05-23 07:27:30
MRT_NS_015,MRT_NS,MRT,MRT_DUKUH_ATAS,5,2026-05-23 07:31:00,2026-05-23 07:31:30
MRT_NS_016,MRT_NS,MRT,MRT_LEBAK_BULUS,1,2026-05-23 07:20:00,2026-05-23 07:20:30
MRT_NS_016,MRT_NS,MRT,MRT_BLOK_M,2,2026-05-23 07:24:00,2026-05-23 07:24:30
MRT_NS_016,MRT_NS,MRT,MRT_SENAYAN,3,2026-05-23 07:28:00,2026-05-23 07:28:30
MRT_NS_016,MRT_NS,MRT,MRT_BUNDARAN_HI,4,2026-05-23 07:32:00,2026-05-23 07:32:30
MRT_NS_016,MRT_NS,MRT,MRT_DUKUH_ATAS,5,2026-05-23 07:36:00,2026-05-23 07:36:30
MRT_NS_017,MRT_NS,MRT,MRT_LEBAK_BULUS,1,2026-05-23 07:25:00,2026-05-23 07:25:30
MRT_NS_017,MRT_NS,MRT,MRT_BLOK_M,2,2026-05-23 07:29:00,2026-05-23 07:29:30
MRT_NS_017,MRT_NS,MRT,MRT_SENAYAN,3,2026-05-23 07:33:00,2026-05-23 07:33:30
MRT_NS_017,MRT_NS,MRT,MRT_BUNDARAN_HI,4,2026-05-23 07:37:00,2026-05-23 07:37:30
MRT_NS_017,MRT_NS,MRT,MRT_DUKUH_ATAS,5,2026-05-23 07:41:00,2026-05-23 07:41:30
MRT_NS_018,MRT_NS,MRT,MRT_LEBAK_BULUS,1,2026-05-23 07:30:00,2026-05-23 07:30:30
MRT_NS_018,MRT_NS,MRT,MRT_BLOK_M,2,2026-05-23 07:34:00,2026-05-23 07:34:30
MRT_NS_018,MRT_NS,MRT,MRT_SENAYAN,3,2026-05-23 07:38:00,2026-05-23 07:38:30
MRT_NS_018,MRT_NS,MRT,MRT_BUNDARAN_HI,4,2026-05-23 07:42:00,2026-05-23 07:42:30
MRT_NS_018,MRT_NS,MRT,MRT_DUKUH_ATAS,5,2026-05-23 07:46:00,2026-05-23 07:46:30
MRT_NS_019,MRT_NS,MRT,MRT_LEBAK_BULUS,1,2026-05-23 07:35:00,2026-05-23 07:35:30
MRT_NS_019,MRT_NS,MRT,MRT_BLOK_M,2,2026-05-23 07:39:00,2026-05-23 07:39:30
MRT_NS_019,MRT_NS,MRT,MRT_SENAYAN,3,2026-05-23 07:43:00,2026-05-23 07:43:30
MRT_NS_019,MRT_NS,MRT,MRT_BUNDARAN_HI,4,2026-05-23 07:47:00,2026-05-23 07:47:30
MRT_NS_019,MRT_NS,MRT,MRT_DUKUH_ATAS,5,2026-05-23 07:51:00,2026-05-23 07:51:30
MRT_NS_020,MRT_NS,MRT,MRT_LEBAK_BULUS,1,2026-05-23 09:20:00,2026-05-23 09:20:30
MRT_NS_020,MRT_NS,MRT,MRT_BLOK_M,2,2026-05-23 09:24:00,2026-05-23 09:24:30
MRT_NS_020,MRT_NS,MRT,MRT_SENAYAN,3,2026-05-23 09:28:00,2026-05-23 09:28:30
MRT_NS_020,MRT_NS,MRT,MRT_BUNDARAN_HI,4,2026-05-23 09:32:00,2026-05-23 09:32:30
MRT_NS_020,MRT_NS,MRT,MRT_DUKUH_ATAS,5,2026-05-23 09:36:00,2026-05-23 09:36:30
MRT_NS_021,MRT_NS,MRT,MRT_LEBAK_BULUS,1,2026-05-23 09:30:00,2026-05-23 09:30:30
MRT_NS_021,MRT_NS,MRT,MRT_BLOK_M,2,2026-05-23 09:34:00,2026-05-23 09:34:30
MRT_NS_021,MRT_NS,MRT,MRT_SENAYAN,3,2026-05-23 09:38:00,2026-05-23 09:38:30
MRT_NS_021,MRT_NS,MRT,MRT_BUNDARAN_HI,4,2026-05-23 09:42:00,2026-05-23 09:42:30
MRT_NS_021,MRT_NS,MRT,MRT_DUKUH_ATAS,5,2026-05-23 09:46:00,2026-05-23 09:46:30
MRT_NS_022,MRT_NS,MRT,MRT_LEBAK_BULUS,1,2026-05-23 09:40:00,2026-05-23 09:40:30
MRT_NS_022,MRT_NS,MRT,MRT_BLOK_M,2,2026-05-23 09:44:00,2026-05-23 09:44:30
MRT_NS_022,MRT_NS,MRT,MRT_SENAYAN,3,2026-05-23 09:48:00,2026-05-23 09:48:30
MRT_NS_022,MRT_NS,MRT,MRT_BUNDARAN_HI,4,2026-05-23 09:52:00,2026-05-23 09:52:30
MRT_NS_022,MRT_NS,MRT,MRT_DUKUH_ATAS,5,2026-05-23 09:56:00,2026-05-23 09:56:30
MRT_NS_023,MRT_NS,MRT,MRT_LEBAK_BULUS,1,2026-05-23 09:50:00,2026-05-23 09:50:30
MRT_NS_023,MRT_NS,MRT,MRT_BLOK_M,2,2026-05-23 09:54:00,2026-05-23 09:54:30
MRT_NS_023,MRT_NS,MRT,MRT_SENAYAN,3,2026-05-23 09:58:00,2026-05-23 09:58:30
MRT_NS_023,MRT_NS,MRT,MRT_BUNDARAN_HI,4,2026-05-23 10:02:00,2026-05-23 10:02:30
MRT_NS_023,MRT_NS,MRT,MRT_DUKUH_ATAS,5,2026-05-23 10:06:00,2026-05-23 10:06:30
MRT_NS_024,MRT_NS,MRT,MRT_LEBAK_BULUS,1,2026-05-23 10:00:00,2026-05-23 10:00:30
MRT_NS_024,MRT_NS,MRT,MRT_BLOK_M,2,2026-05-23 10:04:00,2026-05-23 10:04:30
MRT_NS_024,MRT_NS,MRT,MRT_SENAYAN,3,2026-05-23 10:08:00,2026-05-23 10:08:30
MRT_NS_024,MRT_NS,MRT,MRT_BUNDARAN_HI,4,2026-05-23 10:12:00,2026-05-23 10:12:30
MRT_NS_024,MRT_NS,MRT,MRT_DUKUH_ATAS,5,2026-05-23 10:16:00,2026-05-23 10:16:30
MRT_NS_025,MRT_NS,MRT,MRT_LEBAK_BULUS,1,2026-05-23 10:10:00,2026-05-23 10:10:30
MRT_NS_025,MRT_NS,MRT,MRT_BLOK_M,2,2026-05-23 10:14:00,2026-05-23 10:14:30
MRT_NS_025,MRT_NS,MRT,MRT_SENAYAN,3,2026-05-23 10:18:00,2026-05-23 10:18:30
MRT_NS_025,MRT_NS,MRT,MRT_BUNDARAN_HI,4,2026-05-23 10:22:00,2026-05-23 10:22:30
MRT_NS_025,MRT_NS,MRT,MRT_DUKUH_ATAS,5,2026-05-23 10:26:00,2026-05-23 10:26:30
MRT_NS_026,MRT_NS,MRT,MRT_LEBAK_BULUS,1,2026-05-23 10:20:00,2026-05-23 10:20:30
MRT_NS_026,MRT_NS,MRT,MRT_BLOK_M,2,2026-05-23 10:24:00,2026-05-23 10:24:30
MRT_NS_026,MRT_NS,MRT,MRT_SENAYAN,3,2026-05-23 10:28:00,2026-05-23 10:28:30
MRT_NS_026,MRT_NS,MRT,MRT_BUNDARAN_HI,4,2026-05-23 10:32:00,2026-05-23 10:32:30
MRT_NS_026,MRT_NS,MRT,MRT_DUKUH_ATAS,5,2026-05-23 10:36:00,2026-05-23 10:36:30
MRT_NS_027,MRT_NS,MRT,MRT_LEBAK_BULUS,1,2026-05-23 10:30:00,2026-05-23 10:30:30
MRT_NS_027,MRT_NS,MRT,MRT_BLOK_M,2,2026-05-23 10:34:00,2026-05-23 10:34:30
MRT_NS_027,MRT_NS,MRT,MRT_SENAYAN,3,2026-05-23 10:38:00,2026-05-23 10:38:30
MRT_NS_027,MRT_NS,MRT,MRT_BUNDARAN_HI,4,2026-05-23 10:42:00,2026-05-23 10:42:30
MRT_NS_027,MRT_NS,MRT,MRT_DUKUH_ATAS,5,2026-05-23 10:46:00,2026-05-23 10:46:30
MRT_NS_028,MRT_NS,MRT,MRT_LEBAK_BULUS,1,2026-05-23 10:40:00,2026-05-23 10:40:30
MRT_NS_028,MRT_NS,MRT,MRT_BLOK_M,2,2026-05-23 10:44:00,2026-05-23 10:44:30
MRT_NS_028,MRT_NS,MRT,MRT_SENAYAN,3,2026-05-23 10:48:00,2026-05-23 10:48:30
MRT_NS_028,MRT_NS,MRT,MRT_BUNDARAN_HI,4,2026-05-23 10:52:00,2026-05-23 10:52:30
MRT_NS_028,MRT_NS,MRT,MRT_DUKUH_ATAS,5,2026-05-23 10:56:00,2026-05-23 10:56:30
MRT_NS_029,MRT_NS,MRT,MRT_LEBAK_BULUS,1,2026-05-23 10:50:00,2026-05-23 10:50:30
MRT_NS_029,MRT_NS,MRT,MRT_BLOK_M,2,2026-05-23 10:54:00,2026-05-23 10:54:30
MRT_NS_029,MRT_NS,MRT,MRT_SENAYAN,3,2026-05-23 10:58:00,2026-05-23 10:58:30
MRT_NS_029,MRT_NS,MRT,MRT_BUNDARAN_HI,4,2026-05-23 11:02:00,2026-05-23 11:02:30
MRT_NS_029,MRT_NS,MRT,MRT_DUKUH_ATAS,5,2026-05-23 11:06:00,2026-05-23 11:06:30
MRT_NS_030,MRT_NS,MRT,MRT_LEBAK_BULUS,1,2026-05-23 11:00:00,2026-05-23 11:00:30
MRT_NS_030,MRT_NS,MRT,MRT_BLOK_M,2,2026-05-23 11:04:00,2026-05-23 11:04:30
MRT_NS_030,MRT_NS,MRT,MRT_SENAYAN,3,2026-05-23 11:08:00,2026-05-23 11:08:30
MRT_NS_030,MRT_NS,MRT,MRT_BUNDARAN_HI,4,2026-05-23 11:12:00,2026-05-23 11:12:30
MRT_NS_030,MRT_NS,MRT,MRT_DUKUH_ATAS,5,2026-05-23 11:16:00,2026-05-23 11:16:30
MRT_NS_031,MRT_NS,MRT,MRT_LEBAK_BULUS,1,2026-05-23 11:10:00,2026-05-23 11:10:30
MRT_NS_031,MRT_NS,MRT,MRT_BLOK_M,2,2026-05-23 11:14:00,2026-05-23 11:14:30
MRT_NS_031,MRT_NS,MRT,MRT_SENAYAN,3,2026-05-23 11:18:00,2026-05-23 11:18:30
MRT_NS_031,MRT_NS,MRT,MRT_BUNDARAN_HI,4,2026-05-23 11:22:00,2026-05-23 11:22:30
MRT_NS_031,MRT_NS,MRT,MRT_DUKUH_ATAS,5,2026-05-23 11:26:00,2026-05-23 11:26:30
MRT_NS_032,MRT_NS,MRT,MRT_LEBAK_BULUS,1,2026-05-23 11:20:00,2026-05-23 11:20:30
MRT_NS_032,MRT_NS,MRT,MRT_BLOK_M,2,2026-05-23 11:24:00,2026-05-23 11:24:30
MRT_NS_032,MRT_NS,MRT,MRT_SENAYAN,3,2026-05-23 11:28:00,2026-05-23 11:28:30
MRT_NS_032,MRT_NS,MRT,MRT_BUNDARAN_HI,4,2026-05-23 11:32:00,2026-05-23 11:32:30
MRT_NS_032,MRT_NS,MRT,MRT_DUKUH_ATAS,5,2026-05-23 11:36:00,2026-05-23 11:36:30
MRT_NS_033,MRT_NS,MRT,MRT_LEBAK_BULUS,1,2026-05-23 11:30:00,2026-05-23 11:30:30
MRT_NS_033,MRT_NS,MRT,MRT_BLOK_M,2,2026-05-23 11:34:00,2026-05-23 11:34:30
MRT_NS_033,MRT_NS,MRT,MRT_SENAYAN,3,2026-05-23 11:38:00,2026-05-23 11:38:30
MRT_NS_033,MRT_NS,MRT,MRT_BUNDARAN_HI,4,2026-05-23 11:42:00,2026-05-23 11:42:30
MRT_NS_033,MRT_NS,MRT,MRT_DUKUH_ATAS,5,2026-05-23 11:46:00,2026-05-23 11:46:30
MRT_NS_034,MRT_NS,MRT,MRT_LEBAK_BULUS,1,2026-05-23 11:40:00,2026-05-23 11:40:30
MRT_NS_034,MRT_NS,MRT,MRT_BLOK_M,2,2026-05-23 11:44:00,2026-05-23 11:44:30
MRT_NS_034,MRT_NS,MRT,MRT_SENAYAN,3,2026-05-23 11:48:00,2026-05-23 11:48:30
MRT_NS_034,MRT_NS,MRT,MRT_BUNDARAN_HI,4,2026-05-23 11:52:00,2026-05-23 11:52:30
MRT_NS_034,MRT_NS,MRT,MRT_DUKUH_ATAS,5,2026-05-23 11:56:00,2026-05-23 11:56:30
MRT_NS_035,MRT_NS,MRT,MRT_LEBAK_BULUS,1,2026-05-23 11:50:00,2026-05-23 11:50:30
MRT_NS_035,MRT_NS,MRT,MRT_BLOK_M,2,2026-05-23 11:54:00,2026-05-23 11:54:30
MRT_NS_035,MRT_NS,MRT,MRT_SENAYAN,3,2026-05-23 11:58:00,2026-05-23 11:58:30
MRT_NS_035,MRT_NS,MRT,MRT_BUNDARAN_HI,4,2026-05-23 12:02:00,2026-05-23 12:02:30
MRT_NS_035,MRT_NS,MRT,MRT_DUKUH_ATAS,5,2026-05-23 12:06:00,2026-05-23 12:06:30
MRT_NS_036,MRT_NS,MRT,MRT_LEBAK_BULUS,1,2026-05-23 12:00:00,2026-05-23 12:00:30
MRT_NS_036,MRT_NS,MRT,MRT_BLOK_M,2,2026-05-23 12:04:00,2026-05-23 12:04:30
MRT_NS_036,MRT_NS,MRT,MRT_SENAYAN,3,2026-05-23 12:08:00,2026-05-23 12:08:30
MRT_NS_036,MRT_NS,MRT,MRT_BUNDARAN_HI,4,2026-05-23 12:12:00,2026-05-23 12:12:30
MRT_NS_036,MRT_NS,MRT,MRT_DUKUH_ATAS,5,2026-05-23 12:16:00,2026-05-23 12:16:30
MRT_NS_037,MRT_NS,MRT,MRT_LEBAK_BULUS,1,2026-05-23 12:10:00,2026-05-23 12:10:30
MRT_NS_037,MRT_NS,MRT,MRT_BLOK_M,2,2026-05-23 12:14:00,2026-05-23 12:14:30
MRT_NS_037,MRT_NS,MRT,MRT_SENAYAN,3,2026-05-23 12:18:00,2026-05-23 12:18:30
MRT_NS_037,MRT_NS,MRT,MRT_BUNDARAN_HI,4,2026-05-23 12:22:00,2026-05-23 12:22:30
MRT_NS_037,MRT_NS,MRT,MRT_DUKUH_ATAS,5,2026-05-23 12:26:00,2026-05-23 12:26:30
MRT_NS_038,MRT_NS,MRT,MRT_LEBAK_BULUS,1,2026-05-23 12:20:00,2026-05-23 12:20:30
MRT_NS_038,MRT_NS,MRT,MRT_BLOK_M,2,2026-05-23 12:24:00,2026-05-23 12:24:30
MRT_NS_038,MRT_NS,MRT,MRT_SENAYAN,3,2026-05-23 12:28:00,2026-05-23 12:28:30
MRT_NS_038,MRT_NS,MRT,MRT_BUNDARAN_HI,4,2026-05-23 12:32:00,2026-05-23 12:32:30
MRT_NS_038,MRT_NS,MRT,MRT_DUKUH_ATAS,5,2026-05-23 12:36:00,2026-05-23 12:36:30
MRT_NS_039,MRT_NS,MRT,MRT_LEBAK_BULUS,1,2026-05-23 12:30:00,2026-05-23 12:30:30
MRT_NS_039,MRT_NS,MRT,MRT_BLOK_M,2,2026-05-23 12:34:00,2026-05-23 12:34:30
MRT_NS_039,MRT_NS,MRT,MRT_SENAYAN,3,2026-05-23 12:38:00,2026-05-23 12:38:30
MRT_NS_039,MRT_NS,MRT,MRT_BUNDARAN_HI,4,2026-05-23 12:42:00,2026-05-23 12:42:30
MRT_NS_039,MRT_NS,MRT,MRT_DUKUH_ATAS,5,2026-05-23 12:46:00,2026-05-23 12:46:30
MRT_NS_040,MRT_NS,MRT,MRT_LEBAK_BULUS,1,2026-05-23 12:40:00,2026-05-23 12:40:30
MRT_NS_040,MRT_NS,MRT,MRT_BLOK_M,2,2026-05-23 12:44:00,2026-05-23 12:44:30
MRT_NS_040,MRT_NS,MRT,MRT_SENAYAN,3,2026-05-23 12:48:00,2026-05-23 12:48:30
MRT_NS_040,MRT_NS,MRT,MRT_BUNDARAN_HI,4,2026-05-23 12:52:00,2026-05-23 12:52:30
MRT_NS_040,MRT_NS,MRT,MRT_DUKUH_ATAS,5,2026-05-23 12:56:00,2026-05-23 12:56:30
MRT_NS_041,MRT_NS,MRT,MRT_LEBAK_BULUS,1,2026-05-23 12:50:00,2026-05-23 12:50:30
MRT_NS_041,MRT_NS,MRT,MRT_BLOK_M,2,2026-05-23 12:54:00,2026-05-23 12:54:30
MRT_NS_041,MRT_NS,MRT,MRT_SENAYAN,3,2026-05-23 12:58:00,2026-05-23 12:58:30
MRT_NS_041,MRT_NS,MRT,MRT_BUNDARAN_HI,4,2026-05-23 13:02:00,2026-05-23 13:02:30
MRT_NS_041,MRT_NS,MRT,MRT_DUKUH_ATAS,5,2026-05-23 13:06:00,2026-05-23 13:06:30
MRT_NS_042,MRT_NS,MRT,MRT_LEBAK_BULUS,1,2026-05-23 13:00:00,2026-05-23 13:00:30
MRT_NS_042,MRT_NS,MRT,MRT_BLOK_M,2,2026-05-23 13:04:00,2026-05-23 13:04:30
MRT_NS_042,MRT_NS,MRT,MRT_SENAYAN,3,2026-05-23 13:08:00,2026-05-23 13:08:30
MRT_NS_042,MRT_NS,MRT,MRT_BUNDARAN_HI,4,2026-05-23 13:12:00,2026-05-23 13:12:30
MRT_NS_042,MRT_NS,MRT,MRT_DUKUH_ATAS,5,2026-05-23 13:16:00,2026-05-23 13:16:30
MRT_NS_043,MRT_NS,MRT,MRT_LEBAK_BULUS,1,2026-05-23 13:10:00,2026-05-23 13:10:30
MRT_NS_043,MRT_NS,MRT,MRT_BLOK_M,2,2026-05-23 13:14:00,2026-05-23 13:14:30
MRT_NS_043,MRT_NS,MRT,MRT_SENAYAN,3,2026-05-23 13:18:00,2026-05-23 13:18:30
MRT_NS_043,MRT_NS,MRT,MRT_BUNDARAN_HI,4,2026-05-23 13:22:00,2026-05-23 13:22:30
MRT_NS_043,MRT_NS,MRT,MRT_DUKUH_ATAS,5,2026-05-23 13:26:00,2026-05-23 13:26:30
MRT_NS_044,MRT_NS,MRT,MRT_LEBAK_BULUS,1,2026-05-23 13:20:00,2026-05-23 13:20:30
MRT_NS_044,MRT_NS,MRT,MRT_BLOK_M,2,2026-05-23 13:24:00,2026-05-23 13:24:30
MRT_NS_044,MRT_NS,MRT,MRT_SENAYAN,3,2026-05-23 13:28:00,2026-05-23 13:28:30
MRT_NS_044,MRT_NS,MRT,MRT_BUNDARAN_HI,4,2026-05-23 13:32:00,2026-05-23 13:32:30
MRT_NS_044,MRT_NS,MRT,MRT_DUKUH_ATAS,5,2026-05-23 13:36:00,2026-05-23 13:36:30
MRT_NS_045,MRT_NS,MRT,MRT_LEBAK_BULUS,1,2026-05-23 13:30:00,2026-05-23 13:30:30
MRT_NS_045,MRT_NS,MRT,MRT_BLOK_M,2,2026-05-23 13:34:00,2026-05-23 13:34:30
MRT_NS_045,MRT_NS,MRT,MRT_SENAYAN,3,2026-05-23 13:38:00,2026-05-23 13:38:30
MRT_NS_045,MRT_NS,MRT,MRT_BUNDARAN_HI,4,2026-05-23 13:42:00,2026-05-23 13:42:30
MRT_NS_045,MRT_NS,MRT,MRT_DUKUH_ATAS,5,2026-05-23 13:46:00,2026-05-23 13:46:30
MRT_NS_046,MRT_NS,MRT,MRT_LEBAK_BULUS,1,2026-05-23 13:40:00,2026-05-23 13:40:30
MRT_NS_046,MRT_NS,MRT,MRT_BLOK_M,2,2026-05-23 13:44:00,2026-05-23 13:44:30
MRT_NS_046,MRT_NS,MRT,MRT_SENAYAN,3,2026-05-23 13:48:00,2026-05-23 13:48:30
MRT_NS_046,MRT_NS,MRT,MRT_BUNDARAN_HI,4,2026-05-23 13:52:00,2026-05-23 13:52:30
MRT_NS_046,MRT_NS,MRT,MRT_DUKUH_ATAS,5,2026-05-23 13:56:00,2026-05-23 13:56:30
MRT_NS_047,MRT_NS,MRT,MRT_LEBAK_BULUS,1,2026-05-23 13:50:00,2026-05-23 13:50:30
MRT_NS_047,MRT_NS,MRT,MRT_BLOK_M,2,2026-05-23 13:54:00,2026-05-23 13:54:30
MRT_NS_047,MRT_NS,MRT,MRT_SENAYAN,3,2026-05-23 13:58:00,2026-05-23 13:58:30
MRT_NS_047,MRT_NS,MRT,MRT_BUNDARAN_HI,4,2026-05-23 14:02:00,2026-05-23 14:02:30
MRT_NS_047,MRT_NS,MRT,MRT_DUKUH_ATAS,5,2026-05-23 14:06:00,2026-05-23 14:06:30
MRT_NS_048,MRT_NS,MRT,MRT_LEBAK_BULUS,1,2026-05-23 14:00:00,2026-05-23 14:00:30
MRT_NS_048,MRT_NS,MRT,MRT_BLOK_M,2,2026-05-23 14:04:00,2026-05-23 14:04:30
MRT_NS_048,MRT_NS,MRT,MRT_SENAYAN,3,2026-05-23 14:08:00,2026-05-23 14:08:30
MRT_NS_048,MRT_NS,MRT,MRT_BUNDARAN_HI,4,2026-05-23 14:12:00,2026-05-23 14:12:30
MRT_NS_048,MRT_NS,MRT,MRT_DUKUH_ATAS,5,2026-05-23 14:16:00,2026-05-23 14:16:30
MRT_NS_049,MRT_NS,MRT,MRT_LEBAK_BULUS,1,2026-05-23 14:10:00,2026-05-23 14:10:30
MRT_NS_049,MRT_NS,MRT,MRT_BLOK_M,2,2026-05-23 14:14:00,2026-05-23 14:14:30
MRT_NS_049,MRT_NS,MRT,MRT_SENAYAN,3,2026-05-23 14:18:00,2026-05-23 14:18:30
MRT_NS_049,MRT_NS,MRT,MRT_BUNDARAN_HI,4,2026-05-23 14:22:00,2026-05-23 14:22:30
MRT_NS_049,MRT_NS,MRT,MRT_DUKUH_ATAS,5,2026-05-23 14:26:00,2026-05-23 14:26:30
KRL_BK_000,KRL_BK,KRL,KRL_CAWANG,1,2026-05-23 06:03:00,2026-05-23 06:03:30
KRL_BK_000,KRL_BK,KRL,KRL_MANGGARAI,2,2026-05-23 06:09:00,2026-05-23 06:09:30
KRL_BK_000,KRL_BK,KRL,KRL_SUDIRMAN,3,2026-05-23 06:15:00,2026-05-23 06:15:30
KRL_BK_000,KRL_BK,KRL,KRL_TANAH_ABANG,4,2026-05-23 06:21:00,2026-05-23 06:21:30
KRL_BK_000,KRL_BK,KRL,KRL_KAMPUNG_BANDAN,5,2026-05-23 06:27:00,2026-05-23 06:27:30
KRL_BK_001,KRL_BK,KRL,KRL_CAWANG,1,2026-05-23 06:21:00,2026-05-23 06:21:30
KRL_BK_001,KRL_BK,KRL,KRL_MANGGARAI,2,2026-05-23 06:27:00,2026-05-23 06:27:30
KRL_BK_001,KRL_BK,KRL,KRL_SUDIRMAN,3,2026-05-23 06:33:00,2026-05-23 06:33:30
KRL_BK_001,KRL_BK,KRL,KRL_TANAH_ABANG,4,2026-05-23 06:39:00,2026-05-23 06:39:30
KRL_BK_001,KRL_BK,KRL,KRL_KAMPUNG_BANDAN,5,2026-05-23 06:45:00,2026-05-23 06:45:30
KRL_BK_002,KRL_BK,KRL,KRL_CAWANG,1,2026-05-23 06:39:00,2026-05-23 06:39:30
KRL_BK_002,KRL_BK,KRL,KRL_MANGGARAI,2,2026-05-23 06:45:00,2026-05-23 06:45:30
KRL_BK_002,KRL_BK,KRL,KRL_SUDIRMAN,3,2026-05-23 06:51:00,2026-05-23 06:51:30
KRL_BK_002,KRL_BK,KRL,KRL_TANAH_ABANG,4,2026-05-23 06:57:00,2026-05-23 06:57:30
KRL_BK_002,KRL_BK,KRL,KRL_KAMPUNG_BANDAN,5,2026-05-23 07:03:00,2026-05-23 07:03:30
KRL_BK_003,KRL_BK,KRL,KRL_CAWANG,1,2026-05-23 06:57:00,2026-05-23 06:57:30
KRL_BK_003,KRL_BK,KRL,KRL_MANGGARAI,2,2026-05-23 07:03:00,2026-05-23 07:03:30
KRL_BK_003,KRL_BK,KRL,KRL_SUDIRMAN,3,2026-05-23 07:09:00,2026-05-23 07:09:30
KRL_BK_003,KRL_BK,KRL,KRL_TANAH_ABANG,4,2026-05-23 07:15:00,2026-05-23 07:15:30
KRL_BK_003,KRL_BK,KRL,KRL_KAMPUNG_BANDAN,5,2026-05-23 07:21:00,2026-05-23 07:21:30
KRL_BK_004,KRL_BK,KRL,KRL_CAWANG,1,2026-05-23 06:35:00,2026-05-23 06:35:30
KRL_BK_004,KRL_BK,KRL,KRL_MANGGARAI,2,2026-05-23 06:41:00,2026-05-23 06:41:30
KRL_BK_004,KRL_BK,KRL,KRL_SUDIRMAN,3,2026-05-23 06:47:00,2026-05-23 06:47:30
KRL_BK_004,KRL_BK,KRL,KRL_TANAH_ABANG,4,2026-05-23 06:53:00,2026-05-23 06:53:30
KRL_BK_004,KRL_BK,KRL,KRL_KAMPUNG_BANDAN,5,2026-05-23 06:59:00,2026-05-23 06:59:30
KRL_BK_005,KRL_BK,KRL,KRL_CAWANG,1,2026-05-23 06:43:00,2026-05-23 06:43:30
KRL_BK_005,KRL_BK,KRL,KRL_MANGGARAI,2,2026-05-23 06:49:00,2026-05-23 06:49:30
KRL_BK_005,KRL_BK,KRL,KRL_SUDIRMAN,3,2026-05-23 06:55:00,2026-05-23 06:55:30
KRL_BK_005,KRL_BK,KRL,KRL_TANAH_ABANG,4,2026-05-23 07:01:00,2026-05-23 07:01:30
KRL_BK_005,KRL_BK,KRL,KRL_KAMPUNG_BANDAN,5,2026-05-23 07:07:00,2026-05-23 07:07:30
KRL_BK_006,KRL_BK,KRL,KRL_CAWANG,1,2026-05-23 06:51:00,2026-05-23 06:51:30
KRL_BK_006,KRL_BK,KRL,KRL_MANGGARAI,2,2026-05-23 06:57:00,2026-05-23 06:57:30
KRL_BK_006,KRL_BK,KRL,KRL_SUDIRMAN,3,2026-05-23 07:03:00,2026-05-23 07:03:30
KRL_BK_006,KRL_BK,KRL,KRL_TANAH_ABANG,4,2026-05-23 07:09:00,2026-05-23 07:09:30
KRL_BK_006,KRL_BK,KRL,KRL_KAMPUNG_BANDAN,5,2026-05-23 07:15:00,2026-05-23 07:15:30
KRL_BK_007,KRL_BK,KRL,KRL_CAWANG,1,2026-05-23 06:59:00,2026-05-23 06:59:30
KRL_BK_007,KRL_BK,KRL,KRL_MANGGARAI,2,2026-05-23 07:05:00,2026-05-23 07:05:30
KRL_BK_007,KRL_BK,KRL,KRL_SUDIRMAN,3,2026-05-23 07:11:00,2026-05-23 07:11:30
KRL_BK_007,KRL_BK,KRL,KRL_TANAH_ABANG,4,2026-05-23 07:17:00,2026-05-23 07:17:30
KRL_BK_007,KRL_BK,KRL,KRL_KAMPUNG_BANDAN,5,2026-05-23 07:23:00,2026-05-23 07:23:30
KRL_BK_008,KRL_BK,KRL,KRL_CAWANG,1,2026-05-23 07:07:00,2026-05-23 07:07:30
KRL_BK_008,KRL_BK,KRL,KRL_MANGGARAI,2,2026-05-23 07:13:00,2026-05-23 07:13:30
KRL_BK_008,KRL_BK,KRL,KRL_SUDIRMAN,3,2026-05-23 07:19:00,2026-05-23 07:19:30
KRL_BK_008,KRL_BK,KRL,KRL_TANAH_ABANG,4,2026-05-23 07:25:00,2026-05-23 07:25:30
KRL_BK_008,KRL_BK,KRL,KRL_KAMPUNG_BANDAN,5,2026-05-23 07:31:00,2026-05-23 07:31:30
KRL_BK_009,KRL_BK,KRL,KRL_CAWANG,1,2026-05-23 07:15:00,2026-05-23 07:15:30
KRL_BK_009,KRL_BK,KRL,KRL_MANGGARAI,2,2026-05-23 07:21:00,2026-05-23 07:21:30
KRL_BK_009,KRL_BK,KRL,KRL_SUDIRMAN,3,2026-05-23 07:27:00,2026-05-23 07:27:30
KRL_BK_009,KRL_BK,KRL,KRL_TANAH_ABANG,4,2026-05-23 07:33:00,2026-05-23 07:33:30
KRL_BK_009,KRL_BK,KRL,KRL_KAMPUNG_BANDAN,5,2026-05-23 07:39:00,2026-05-23 07:39:30
KRL_BK_010,KRL_BK,KRL,KRL_CAWANG,1,2026-05-23 07:23:00,2026-05-23 07:23:30
KRL_BK_010,KRL_BK,KRL,KRL_MANGGARAI,2,2026-05-23 07:29:00,2026-05-23 07:29:30
KRL_BK_010,KRL_BK,KRL,KRL_SUDIRMAN,3,2026-05-23 07:35:00,2026-05-23 07:35:30
KRL_BK_010,KRL_BK,KRL,KRL_TANAH_ABANG,4,2026-05-23 07:41:00,2026-05-23 07:41:30
KRL_BK_010,KRL_BK,KRL,KRL_KAMPUNG_BANDAN,5,2026-05-23 07:47:00,2026-05-23 07:47:30
KRL_BK_011,KRL_BK,KRL,KRL_CAWANG,1,2026-05-23 07:31:00,2026-05-23 07:31:30
KRL_BK_011,KRL_BK,KRL,KRL_MANGGARAI,2,2026-05-23 07:37:00,2026-05-23 07:37:30
KRL_BK_011,KRL_BK,KRL,KRL_SUDIRMAN,3,2026-05-23 07:43:00,2026-05-23 07:43:30
KRL_BK_011,KRL_BK,KRL,KRL_TANAH_ABANG,4,2026-05-23 07:49:00,2026-05-23 07:49:30
KRL_BK_011,KRL_BK,KRL,KRL_KAMPUNG_BANDAN,5,2026-05-23 07:55:00,2026-05-23 07:55:30
KRL_BK_012,KRL_BK,KRL,KRL_CAWANG,1,2026-05-23 07:39:00,2026-05-23 07:39:30
KRL_BK_012,KRL_BK,KRL,KRL_MANGGARAI,2,2026-05-23 07:45:00,2026-05-23 07:45:30
KRL_BK_012,KRL_BK,KRL,KRL_SUDIRMAN,3,2026-05-23 07:51:00,2026-05-23 07:51:30
KRL_BK_012,KRL_BK,KRL,KRL_TANAH_ABANG,4,2026-05-23 07:57:00,2026-05-23 07:57:30
KRL_BK_012,KRL_BK,KRL,KRL_KAMPUNG_BANDAN,5,2026-05-23 08:03:00,2026-05-23 08:03:30
KRL_BK_013,KRL_BK,KRL,KRL_CAWANG,1,2026-05-23 07:47:00,2026-05-23 07:47:30
KRL_BK_013,KRL_BK,KRL,KRL_MANGGARAI,2,2026-05-23 07:53:00,2026-05-23 07:53:30
KRL_BK_013,KRL_BK,KRL,KRL_SUDIRMAN,3,2026-05-23 07:59:00,2026-05-23 07:59:30
KRL_BK_013,KRL_BK,KRL,KRL_TANAH_ABANG,4,2026-05-23 08:05:00,2026-05-23 08:05:30
KRL_BK_013,KRL_BK,KRL,KRL_KAMPUNG_BANDAN,5,2026-05-23 08:11:00,2026-05-23 08:11:30
KRL_BK_014,KRL_BK,KRL,KRL_CAWANG,1,2026-05-23 07:55:00,2026-05-23 07:55:30
KRL_BK_014,KRL_BK,KRL,KRL_MANGGARAI,2,2026-05-23 08:01:00,2026-05-23 08:01:30
KRL_BK_014,KRL_BK,KRL,KRL_SUDIRMAN,3,2026-05-23 08:07:00,2026-05-23 08:07:30
KRL_BK_014,KRL_BK,KRL,KRL_TANAH_ABANG,4,2026-05-23 08:13:00,2026-05-23 08:13:30
KRL_BK_014,KRL_BK,KRL,KRL_KAMPUNG_BANDAN,5,2026-05-23 08:19:00,2026-05-23 08:19:30
KRL_BK_015,KRL_BK,KRL,KRL_CAWANG,1,2026-05-23 08:03:00,2026-05-23 08:03:30
KRL_BK_015,KRL_BK,KRL,KRL_MANGGARAI,2,2026-05-23 08:09:00,2026-05-23 08:09:30
KRL_BK_015,KRL_BK,KRL,KRL_SUDIRMAN,3,2026-05-23 08:15:00,2026-05-23 08:15:30
KRL_BK_015,KRL_BK,KRL,KRL_TANAH_ABANG,4,2026-05-23 08:21:00,2026-05-23 08:21:30
KRL_BK_015,KRL_BK,KRL,KRL_KAMPUNG_BANDAN,5,2026-05-23 08:27:00,2026-05-23 08:27:30
KRL_BK_016,KRL_BK,KRL,KRL_CAWANG,1,2026-05-23 10:51:00,2026-05-23 10:51:30
KRL_BK_016,KRL_BK,KRL,KRL_MANGGARAI,2,2026-05-23 10:57:00,2026-05-23 10:57:30
KRL_BK_016,KRL_BK,KRL,KRL_SUDIRMAN,3,2026-05-23 11:03:00,2026-05-23 11:03:30
KRL_BK_016,KRL_BK,KRL,KRL_TANAH_ABANG,4,2026-05-23 11:09:00,2026-05-23 11:09:30
KRL_BK_016,KRL_BK,KRL,KRL_KAMPUNG_BANDAN,5,2026-05-23 11:15:00,2026-05-23 11:15:30
KRL_BK_017,KRL_BK,KRL,KRL_CAWANG,1,2026-05-23 11:09:00,2026-05-23 11:09:30
KRL_BK_017,KRL_BK,KRL,KRL_MANGGARAI,2,2026-05-23 11:15:00,2026-05-23 11:15:30
KRL_BK_017,KRL_BK,KRL,KRL_SUDIRMAN,3,2026-05-23 11:21:00,2026-05-23 11:21:30
KRL_BK_017,KRL_BK,KRL,KRL_TANAH_ABANG,4,2026-05-23 11:27:00,2026-05-23 11:27:30
KRL_BK_017,KRL_BK,KRL,KRL_KAMPUNG_BANDAN,5,2026-05-23 11:33:00,2026-05-23 11:33:30
KRL_BK_018,KRL_BK,KRL,KRL_CAWANG,1,2026-05-23 11:27:00,2026-05-23 11:27:30
KRL_BK_018,KRL_BK,KRL,KRL_MANGGARAI,2,2026-05-23 11:33:00,2026-05-23 11:33:30
KRL_BK_018,KRL_BK,KRL,KRL_SUDIRMAN,3,2026-05-23 11:39:00,2026-05-23 11:39:30
KRL_BK_018,KRL_BK,KRL,KRL_TANAH_ABANG,4,2026-05-23 11:45:00,2026-05-23 11:45:30
KRL_BK_018,KRL_BK,KRL,KRL_KAMPUNG_BANDAN,5,2026-05-23 11:51:00,2026-05-23 11:51:30
KRL_BK_019,KRL_BK,KRL,KRL_CAWANG,1,2026-05-23 11:45:00,2026-05-23 11:45:30
KRL_BK_019,KRL_BK,KRL,KRL_MANGGARAI,2,2026-05-23 11:51:00,2026-05-23 11:51:30
KRL_BK_019,KRL_BK,KRL,KRL_SUDIRMAN,3,2026-05-23 11:57:00,2026-05-23 11:57:30
KRL_BK_019,KRL_BK,KRL,KRL_TANAH_ABANG,4,2026-05-23 12:03:00,2026-05-23 12:03:30
KRL_BK_019,KRL_BK,KRL,KRL_KAMPUNG_BANDAN,5,2026-05-23 12:09:00,2026-05-23 12:09:30
KRL_BK_020,KRL_BK,KRL,KRL_CAWANG,1,2026-05-23 12:03:00,2026-05-23 12:03:30
KRL_BK_020,KRL_BK,KRL,KRL_MANGGARAI,2,2026-05-23 12:09:00,2026-05-23 12:09:30
KRL_BK_020,KRL_BK,KRL,KRL_SUDIRMAN,3,2026-05-23 12:15:00,2026-05-23 12:15:30
KRL_BK_020,KRL_BK,KRL,KRL_TANAH_ABANG,4,2026-05-23 12:21:00,2026-05-23 12:21:30
KRL_BK_020,KRL_BK,KRL,KRL_KAMPUNG_BANDAN,5,2026-05-23 12:27:00,2026-05-23 12:27:30
KRL_BK_021,KRL_BK,KRL,KRL_CAWANG,1,2026-05-23 12:21:00,2026-05-23 12:21:30
KRL_BK_021,KRL_BK,KRL,KRL_MANGGARAI,2,2026-05-23 12:27:00,2026-05-23 12:27:30
KRL_BK_021,KRL_BK,KRL,KRL_SUDIRMAN,3,2026-05-23 12:33:00,2026-05-23 12:33:30
KRL_BK_021,KRL_BK,KRL,KRL_TANAH_ABANG,4,2026-05-23 12:39:00,2026-05-23 12:39:30
KRL_BK_021,KRL_BK,KRL,KRL_KAMPUNG_BANDAN,5,2026-05-23 12:45:00,2026-05-23 12:45:30
KRL_BK_022,KRL_BK,KRL,KRL_CAWANG,1,2026-05-23 12:39:00,2026-05-23 12:39:30
KRL_BK_022,KRL_BK,KRL,KRL_MANGGARAI,2,2026-05-23 12:45:00,2026-05-23 12:45:30
KRL_BK_022,KRL_BK,KRL,KRL_SUDIRMAN,3,2026-05-23 12:51:00,2026-05-23 12:51:30
KRL_BK_022,KRL_BK,KRL,KRL_TANAH_ABANG,4,2026-05-23 12:57:00,2026-05-23 12:57:30
KRL_BK_022,KRL_BK,KRL,KRL_KAMPUNG_BANDAN,5,2026-05-23 13:03:00,2026-05-23 13:03:30
KRL_BK_023,KRL_BK,KRL,KRL_CAWANG,1,2026-05-23 12:57:00,2026-05-23 12:57:30
KRL_BK_023,KRL_BK,KRL,KRL_MANGGARAI,2,2026-05-23 13:03:00,2026-05-23 13:03:30
KRL_BK_023,KRL_BK,KRL,KRL_SUDIRMAN,3,2026-05-23 13:09:00,2026-05-23 13:09:30
KRL_BK_023,KRL_BK,KRL,KRL_TANAH_ABANG,4,2026-05-23 13:15:00,2026-05-23 13:15:30
KRL_BK_023,KRL_BK,KRL,KRL_KAMPUNG_BANDAN,5,2026-05-23 13:21:00,2026-05-23 13:21:30
KRL_BK_024,KRL_BK,KRL,KRL_CAWANG,1,2026-05-23 13:15:00,2026-05-23 13:15:30
KRL_BK_024,KRL_BK,KRL,KRL_MANGGARAI,2,2026-05-23 13:21:00,2026-05-23 13:21:30
KRL_BK_024,KRL_BK,KRL,KRL_SUDIRMAN,3,2026-05-23 13:27:00,2026-05-23 13:27:30
KRL_BK_024,KRL_BK,KRL,KRL_TANAH_ABANG,4,2026-05-23 13:33:00,2026-05-23 13:33:30
KRL_BK_024,KRL_BK,KRL,KRL_KAMPUNG_BANDAN,5,2026-05-23 13:39:00,2026-05-23 13:39:30
KRL_BK_025,KRL_BK,KRL,KRL_CAWANG,1,2026-05-23 13:33:00,2026-05-23 13:33:30
KRL_BK_025,KRL_BK,KRL,KRL_MANGGARAI,2,2026-05-23 13:39:00,2026-05-23 13:39:30
KRL_BK_025,KRL_BK,KRL,KRL_SUDIRMAN,3,2026-05-23 13:45:00,2026-05-23 13:45:30
KRL_BK_025,KRL_BK,KRL,KRL_TANAH_ABANG,4,2026-05-23 13:51:00,2026-05-23 13:51:30
KRL_BK_025,KRL_BK,KRL,KRL_KAMPUNG_BANDAN,5,2026-05-23 13:57:00,2026-05-23 13:57:30
KRL_BK_026,KRL_BK,KRL,KRL_CAWANG,1,2026-05-23 13:51:00,2026-05-23 13:51:30
KRL_BK_026,KRL_BK,KRL,KRL_MANGGARAI,2,2026-05-23 13:57:00,2026-05-23 13:57:30
KRL_BK_026,KRL_BK,KRL,KRL_SUDIRMAN,3,2026-05-23 14:03:00,2026-05-23 14:03:30
KRL_BK_026,KRL_BK,KRL,KRL_TANAH_ABANG,4,2026-05-23 14:09:00,2026-05-23 14:09:30
KRL_BK_026,KRL_BK,KRL,KRL_KAMPUNG_BANDAN,5,2026-05-23 14:15:00,2026-05-23 14:15:30
KRL_BK_027,KRL_BK,KRL,KRL_CAWANG,1,2026-05-23 14:09:00,2026-05-23 14:09:30
KRL_BK_027,KRL_BK,KRL,KRL_MANGGARAI,2,2026-05-23 14:15:00,2026-05-23 14:15:30
KRL_BK_027,KRL_BK,KRL,KRL_SUDIRMAN,3,2026-05-23 14:21:00,2026-05-23 14:21:30
KRL_BK_027,KRL_BK,KRL,KRL_TANAH_ABANG,4,2026-05-23 14:27:00,2026-05-23 14:27:30
KRL_BK_027,KRL_BK,KRL,KRL_KAMPUNG_BANDAN,5,2026-05-23 14:33:00,2026-05-23 14:33:30
KRL_BK_028,KRL_BK,KRL,KRL_CAWANG,1,2026-05-23 14:27:00,2026-05-23 14:27:30
KRL_BK_028,KRL_BK,KRL,KRL_MANGGARAI,2,2026-05-23 14:33:00,2026-05-23 14:33:30
KRL_BK_028,KRL_BK,KRL,KRL_SUDIRMAN,3,2026-05-23 14:39:00,2026-05-23 14:39:30
KRL_BK_028,KRL_BK,KRL,KRL_TANAH_ABANG,4,2026-05-23 14:45:00,2026-05-23 14:45:30
KRL_BK_028,KRL_BK,KRL,KRL_KAMPUNG_BANDAN,5,2026-05-23 14:51:00,2026-05-23 14:51:30
KRL_BK_029,KRL_BK,KRL,KRL_CAWANG,1,2026-05-23 14:45:00,2026-05-23 14:45:30
KRL_BK_029,KRL_BK,KRL,KRL_MANGGARAI,2,2026-05-23 14:51:00,2026-05-23 14:51:30
KRL_BK_029,KRL_BK,KRL,KRL_SUDIRMAN,3,2026-05-23 14:57:00,2026-05-23 14:57:30
KRL_BK_029,KRL_BK,KRL,KRL_TANAH_ABANG,4,2026-05-23 15:03:00,2026-05-23 15:03:30
KRL_BK_029,KRL_BK,KRL,KRL_KAMPUNG_BANDAN,5,2026-05-23 15:09:00,2026-05-23 15:09:30
KRL_BK_030,KRL_BK,KRL,KRL_CAWANG,1,2026-05-23 15:03:00,2026-05-23 15:03:30
KRL_BK_030,KRL_BK,KRL,KRL_MANGGARAI,2,2026-05-23 15:09:00,2026-05-23 15:09:30
KRL_BK_030,KRL_BK,KRL,KRL_SUDIRMAN,3,2026-05-23 15:15:00,2026-05-23 15:15:30
KRL_BK_030,KRL_BK,KRL,KRL_TANAH_ABANG,4,2026-05-23 15:21:00,2026-05-23 15:21:30
KRL_BK_030,KRL_BK,KRL,KRL_KAMPUNG_BANDAN,5,2026-05-23 15:27:00,2026-05-23 15:27:30
KRL_BK_031,KRL_BK,KRL,KRL_CAWANG,1,2026-05-23 15:21:00,2026-05-23 15:21:30
KRL_BK_031,KRL_BK,KRL,KRL_MANGGARAI,2,2026-05-23 15:27:00,2026-05-23 15:27:30
KRL_BK_031,KRL_BK,KRL,KRL_SUDIRMAN,3,2026-05-23 15:33:00,2026-05-23 15:33:30
KRL_BK_031,KRL_BK,KRL,KRL_TANAH_ABANG,4,2026-05-23 15:39:00,2026-05-23 15:39:30
KRL_BK_031,KRL_BK,KRL,KRL_KAMPUNG_BANDAN,5,2026-05-23 15:45:00,2026-05-23 15:45:30
KRL_BK_032,KRL_BK,KRL,KRL_CAWANG,1,2026-05-23 15:39:00,2026-05-23 15:39:30
KRL_BK_032,KRL_BK,KRL,KRL_MANGGARAI,2,2026-05-23 15:45:00,2026-05-23 15:45:30
KRL_BK_032,KRL_BK,KRL,KRL_SUDIRMAN,3,2026-05-23 15:51:00,2026-05-23 15:51:30
KRL_BK_032,KRL_BK,KRL,KRL_TANAH_ABANG,4,2026-05-23 15:57:00,2026-05-23 15:57:30
KRL_BK_032,KRL_BK,KRL,KRL_KAMPUNG_BANDAN,5,2026-05-23 16:03:00,2026-05-23 16:03:30
KRL_BK_033,KRL_BK,KRL,KRL_CAWANG,1,2026-05-23 15:57:00,2026-05-23 15:57:30
KRL_BK_033,KRL_BK,KRL,KRL_MANGGARAI,2,2026-05-23 16:03:00,2026-05-23 16:03:30
KRL_BK_033,KRL_BK,KRL,KRL_SUDIRMAN,3,2026-05-23 16:09:00,2026-05-23 16:09:30
KRL_BK_033,KRL_BK,KRL,KRL_TANAH_ABANG,4,2026-05-23 16:15:00,2026-05-23 16:15:30
KRL_BK_033,KRL_BK,KRL,KRL_KAMPUNG_BANDAN,5,2026-05-23 16:21:00,2026-05-23 16:21:30
KRL_BK_034,KRL_BK,KRL,KRL_CAWANG,1,2026-05-23 16:15:00,2026-05-23 16:15:30
KRL_BK_034,KRL_BK,KRL,KRL_MANGGARAI,2,2026-05-23 16:21:00,2026-05-23 16:21:30
KRL_BK_034,KRL_BK,KRL,KRL_SUDIRMAN,3,2026-05-23 16:27:00,2026-05-23 16:27:30
KRL_BK_034,KRL_BK,KRL,KRL_TANAH_ABANG,4,2026-05-23 16:33:00,2026-05-23 16:33:30
KRL_BK_034,KRL_BK,KRL,KRL_KAMPUNG_BANDAN,5,2026-05-23 16:39:00,2026-05-23 16:39:30
LRT_KG_V_000,LRT_KG_V,LRT,LRT_VELODROME,1,2026-05-23 06:00:00,2026-05-23 06:00:30
LRT_KG_V_001,LRT_KG_V,LRT,LRT_VELODROME,1,2026-05-23 06:10:00,2026-05-23 06:10:30
LRT_KG_V_002,LRT_KG_V,LRT,LRT_VELODROME,1,2026-05-23 06:20:00,2026-05-23 06:20:30
LRT_KG_V_003,LRT_KG_V,LRT,LRT_VELODROME,1,2026-05-23 06:30:00,2026-05-23 06:30:30
LRT_KG_V_004,LRT_KG_V,LRT,LRT_VELODROME,1,2026-05-23 06:40:00,2026-05-23 06:40:30
LRT_KG_V_005,LRT_KG_V,LRT,LRT_VELODROME,1,2026-05-23 06:50:00,2026-05-23 06:50:30
LRT_KG_V_006,LRT_KG_V,LRT,LRT_VELODROME,1,2026-05-23 07:00:00,2026-05-23 07:00:30
LRT_KG_V_007,LRT_KG_V,LRT,LRT_VELODROME,1,2026-05-23 07:10:00,2026-05-23 07:10:30
LRT_KG_V_008,LRT_KG_V,LRT,LRT_VELODROME,1,2026-05-23 07:20:00,2026-05-23 07:20:30
LRT_KG_V_009,LRT_KG_V,LRT,LRT_VELODROME,1,2026-05-23 07:30:00,2026-05-23 07:30:30
LRT_KG_V_010,LRT_KG_V,LRT,LRT_VELODROME,1,2026-05-23 07:40:00,2026-05-23 07:40:30
LRT_KG_V_011,LRT_KG_V,LRT,LRT_VELODROME,1,2026-05-23 07:50:00,2026-05-23 07:50:30
LRT_KG_V_012,LRT_KG_V,LRT,LRT_VELODROME,1,2026-05-23 08:00:00,2026-05-23 08:00:30
LRT_KG_V_013,LRT_KG_V,LRT,LRT_VELODROME,1,2026-05-23 08:10:00,2026-05-23 08:10:30
LRT_KG_V_014,LRT_KG_V,LRT,LRT_VELODROME,1,2026-05-23 08:20:00,2026-05-23 08:20:30
LRT_KG_V_015,LRT_KG_V,LRT,LRT_VELODROME,1,2026-05-23 08:30:00,2026-05-23 08:30:30
LRT_KG_V_016,LRT_KG_V,LRT,LRT_VELODROME,1,2026-05-23 08:40:00,2026-05-23 08:40:30
LRT_KG_V_017,LRT_KG_V,LRT,LRT_VELODROME,1,2026-05-23 08:50:00,2026-05-23 08:50:30
LRT_KG_V_018,LRT_KG_V,LRT,LRT_VELODROME,1,2026-05-23 09:00:00,2026-05-23 09:00:30
LRT_KG_V_019,LRT_KG_V,LRT,LRT_VELODROME,1,2026-05-23 09:10:00,2026-05-23 09:10:30
LRT_KG_V_020,LRT_KG_V,LRT,LRT_VELODROME,1,2026-05-23 09:20:00,2026-05-23 09:20:30
LRT_KG_V_021,LRT_KG_V,LRT,LRT_VELODROME,1,2026-05-23 09:30:00,2026-05-23 09:30:30
LRT_KG_V_022,LRT_KG_V,LRT,LRT_VELODROME,1,2026-05-23 09:40:00,2026-05-23 09:40:30
LRT_KG_V_023,LRT_KG_V,LRT,LRT_VELODROME,1,2026-05-23 09:50:00,2026-05-23 09:50:30
LRT_KG_V_024,LRT_KG_V,LRT,LRT_VELODROME,1,2026-05-23 10:00:00,2026-05-23 10:00:30
